<ext-kloc base-href="../../examples"><directory name="/"><directory name="containers"><file name="bitarray.bas" timestamp="41017.55128472222" encoding="ASCII" filesize="721"><file-include line="10" pragma="once">ext/containers/bitarray.bi</file-include><file-include line="11" pragma="once">ext/strings.bi</file-include><line-count comment="8" code="12" whitespace="5" total="25" /><line-width average="27" max="70" max-on="4" /></file><file name="hashtable.bas" timestamp="41017.55128472222" encoding="ASCII" filesize="1075"><file-include line="10" pragma="once">ext/containers/hashtable.bi</file-include><line-count comment="8" code="23" whitespace="16" total="47" /><line-width average="21" max="70" max-on="4" /></file><file name="hashtable_iterator.bas" timestamp="41017.55128472222" encoding="ASCII" filesize="393"><file-include line="1" pragma="once">ext/containers/hashtable.bi</file-include><sub name="MyIterator" signature-hash="364084693" declared-on="3" signature-d="declare sub MyIterator ( byref key as const string, byval value as integer ptr )" defined-on="13" signature=":[,MyIterator" exported="false" /><line-count comment="0" code="10" whitespace="7" total="17" /><line-width average="22" max="80" max-on="3" /></file><file name="hashtable_udt.bas" timestamp="41017.55128472222" encoding="ASCII" filesize="1865"><file-include line="1" pragma="once">ext/containers/hashtable.bi</file-include><line-count comment="0" code="46" whitespace="19" total="65" /><line-width average="27" max="90" max-on="30" /></file><file name="list.bas" timestamp="41017.55128472222" encoding="ASCII" filesize="945"><file-include line="10" pragma="once">ext/containers/list.bi</file-include><line-count comment="8" code="26" whitespace="6" total="40" /><line-width average="22" max="89" max-on="12" /></file><file name="list_udt.bas" timestamp="41339.68267361111" encoding="ASCII" filesize="2178"><file-include line="2" pragma="once">ext/containers/list.bi</file-include><file-include line="3" pragma="once">vbcompat.bi</file-include><type name="USCurrency" defined-on="7" /><line-count comment="2" code="66" whitespace="30" total="98" /><line-width average="21" max="132" max-on="12" /></file></directory><directory name="database"><file name="sqlite3.bas" timestamp="41017.55128472222" encoding="ASCII" filesize="632"><file-include line="1" pragma="once">ext/database/database.bi</file-include><file-include line="2" pragma="once">ext/database/drivers/sqlite3driver.bi</file-include><line-count comment="0" code="23" whitespace="9" total="32" /><line-width average="18" max="59" max-on="5" /></file></directory><directory name="file"><file name="console_ex.bas" timestamp="41017.55128472222" encoding="ASCII" filesize="567"><file-include line="10" pragma="once">ext/file/console.bi</file-include><line-count comment="8" code="8" whitespace="8" total="24" /><line-width average="22" max="70" max-on="4" /></file><file name="file.bas" timestamp="41340.70068287037" encoding="ASCII" filesize="281"><file-include line="1" pragma="once">ext/file/file.bi</file-include><file-include line="2" pragma="once">ext/error.bi</file-include><line-count comment="0" code="10" whitespace="8" total="18" /><line-width average="14" max="52" max-on="4" /></file></directory><directory name="graphics"><file name="alphablit.bas" timestamp="41339.03927083333" encoding="ASCII" filesize="1046"><file-include line="10" pragma="once">ext/graphics/image.bi</file-include><file-include line="11" pragma="once">ext/graphics/manip.bi</file-include><file-include line="12" pragma="once">fbgfx.bi</file-include><line-count comment="8" code="20" whitespace="19" total="47" /><line-width average="21" max="125" max-on="35" /></file><file name="blur.bas" timestamp="41339.04019675926" encoding="ASCII" filesize="1029"><file-include line="10" pragma="once">ext/graphics/image.bi</file-include><file-include line="11" pragma="once">ext/graphics/manip.bi</file-include><file-include line="12" pragma="once">fbgfx.bi</file-include><line-count comment="10" code="22" whitespace="21" total="53" /><line-width average="18" max="70" max-on="4" /></file><file name="fonttest.bas" timestamp="41339.04446759259" encoding="ASCII" filesize="1519"><file-include line="1">ext/graphics/font.bi</file-include><line-count comment="0" code="35" whitespace="17" total="52" /><line-width average="28" max="97" max-on="33" /></file><file name="freetype.bas" timestamp="41339.04458333334" encoding="ASCII" filesize="1430"><file-include line="10">ext/graphics/font.bi</file-include><line-count comment="8" code="26" whitespace="15" total="49" /><line-width average="28" max="89" max-on="33" /></file><file name="GetTextWidth.bas" timestamp="41017.55128472222" encoding="ASCII" filesize="824"><file-include line="10">ext/graphics/font.bi</file-include><line-count comment="8" code="11" whitespace="13" total="32" /><line-width average="24" max="107" max-on="24" /></file><file name="grayscale.bas" timestamp="41339.04650462963" encoding="ASCII" filesize="1072"><file-include line="10" pragma="once">ext/graphics/manip.bi</file-include><file-include line="11" pragma="once">ext/graphics/bmp.bi</file-include><file-include line="12" pragma="once">fbgfx.bi</file-include><line-count comment="8" code="29" whitespace="5" total="42" /><line-width average="24" max="96" max-on="18" /></file><file name="image.bas" timestamp="41017.55128472222" encoding="ASCII" filesize="706"><file-include line="11" pragma="once">ext/memory/sharedptr.bi</file-include><file-include line="12" pragma="once">ext/graphics/image.bi</file-include><line-count comment="9" code="11" whitespace="7" total="27" /><line-width average="25" max="73" max-on="23" /></file><file name="intensity.bas" timestamp="41339.04702546296" encoding="ASCII" filesize="770"><file-include line="10" pragma="once">ext/graphics/image.bi</file-include><file-include line="11" pragma="once">ext/graphics/manip.bi</file-include><file-include line="12" pragma="once">fbgfx.bi</file-include><line-count comment="8" code="15" whitespace="15" total="38" /><line-width average="19" max="86" max-on="28" /></file><file name="manip_test.bas" timestamp="41017.55128472222" encoding="ASCII" filesize="838"><file-include line="10" pragma="once">ext/graphics/manip.bi</file-include><file-include line="11" pragma="once">fbgfx.bi</file-include><line-count comment="10" code="15" whitespace="11" total="36" /><line-width average="22" max="85" max-on="27" /></file><file name="ofont.bas" timestamp="41017.55128472222" encoding="ASCII" filesize="966"><file-include line="10">ext/graphics/font.bi</file-include><line-count comment="8" code="20" whitespace="10" total="38" /><line-width average="24" max="70" max-on="4" /></file><file name="rectcol.bas" timestamp="41017.55128472222" encoding="ASCII" filesize="1256"><file-include line="10" pragma="once">ext/graphics/collision.bi</file-include><file-include line="11" pragma="once">ext/math/random.bi</file-include><file-include line="12" pragma="once">fbgfx.bi</file-include><line-count comment="8" code="26" whitespace="8" total="42" /><line-width average="28" max="82" max-on="2" /></file><file name="rotate.bas" timestamp="41339.04928240741" encoding="ASCII" filesize="969"><file-include line="10" pragma="once">ext/graphics/image.bi</file-include><file-include line="11" pragma="once">ext/graphics/manip.bi</file-include><file-include line="12" pragma="once">fbgfx.bi</file-include><line-count comment="8" code="20" whitespace="11" total="39" /><line-width average="23" max="78" max-on="26" /></file><file name="rotozoom.bas" timestamp="41339.05015046297" encoding="ASCII" filesize="1357"><file-include line="10" pragma="once">ext/graphics/image.bi</file-include><file-include line="11" pragma="once">ext/graphics/manip.bi</file-include><file-include line="12" pragma="once">fbgfx.bi</file-include><line-count comment="8" code="36" whitespace="12" total="56" /><line-width average="23" max="70" max-on="4" /></file><file name="Scale2X.bas" timestamp="41339.03819444445" encoding="ASCII" filesize="594"><file-include line="10" pragma="once">ext/graphics/image.bi</file-include><file-include line="11" pragma="once">ext/graphics/manip.bi</file-include><file-include line="12" pragma="once">fbgfx.bi</file-include><line-count comment="8" code="9" whitespace="6" total="23" /><line-width average="24" max="70" max-on="4" /></file><file name="spbench.bas" timestamp="41037.79471064815" encoding="ASCII" filesize="2700"><file-include line="6" pragma="once">ext/graphics/sprite.bi</file-include><file-include line="7" pragma="once">ext/graphics/image.bi</file-include><file-include line="8" pragma="once">ext/math/random.bi</file-include><file-include line="9" pragma="once">fbgfx.bi</file-include><line-count comment="3" code="85" whitespace="31" total="119" /><line-width average="20" max="94" max-on="36" /></file><file name="sprite.bas" timestamp="41339.05148148148" encoding="ASCII" filesize="2940"><file-include line="11" pragma="once">ext/graphics/sprite.bi</file-include><line-count comment="21" code="58" whitespace="37" total="116" /><line-width average="24" max="120" max-on="25" /></file><file name="tga.bas" timestamp="41339.05341435185" encoding="ASCII" filesize="743"><file-include line="10" pragma="once">ext/graphics/tga.bi</file-include><line-count comment="8" code="18" whitespace="8" total="34" /><line-width average="20" max="70" max-on="4" /></file><file name="triangle.bas" timestamp="41017.55128472222" encoding="ASCII" filesize="802"><file-include line="10" pragma="once">ext/graphics/primitives.bi</file-include><line-count comment="8" code="11" whitespace="5" total="24" /><line-width average="32" max="127" max-on="17" /></file></directory><directory name="hash"><file name="md5file.bas" timestamp="41017.55128472222" encoding="ASCII" filesize="320"><file-include line="3" pragma="once">ext/hash.bi</file-include><file-include line="4" pragma="once">ext/file/file.bi</file-include><line-count comment="2" code="7" whitespace="2" total="11" /><line-width average="28" max="81" max-on="1" /></file><file name="md5text.bas" timestamp="41017.55128472222" encoding="ASCII" filesize="221"><file-include line="3" pragma="once">ext/hash.bi</file-include><line-count comment="2" code="3" whitespace="1" total="6" /><line-width average="35" max="72" max-on="1" /></file><file name="sha256file.bas" timestamp="41017.55128472222" encoding="ASCII" filesize="277"><file-include line="2" pragma="once">ext/hash.bi</file-include><file-include line="3" pragma="once">ext/file/file.bi</file-include><line-count comment="1" code="7" whitespace="2" total="10" /><line-width average="26" max="84" max-on="1" /></file><file name="sha256text.bas" timestamp="41017.55128472222" encoding="ASCII" filesize="163"><file-include line="2" pragma="once">ext/hash.bi</file-include><line-count comment="1" code="3" whitespace="1" total="5" /><line-width average="31" max="75" max-on="1" /></file></directory><directory name="math"><file name="2drotate.bas" timestamp="41017.5512962963" encoding="ASCII" filesize="5988"><file-include line="10" pragma="once">ext/graphics.bi</file-include><file-include line="11" pragma="once">ext/math.bi</file-include><file-include line="12" pragma="once">fbgfx.bi</file-include><type name="line_struct" defined-on="17" /><type name="obj_struct" defined-on="21" /><line-count comment="18" code="165" whitespace="32" total="215" /><line-width average="26" max="94" max-on="55" /></file><file name="3drotate.bas" timestamp="41017.5512962963" encoding="ASCII" filesize="13856"><file-include line="10" pragma="once">crt/string.bi</file-include><file-include line="11" pragma="once">ext/graphics.bi</file-include><file-include line="12" pragma="once">ext/math.bi</file-include><file-include line="13" pragma="once">fbgfx.bi</file-include><function name="Sort" signature-hash="4183985356" declared-on="15" signature-d="declare function Sort cdecl ( byval elm1 as any ptr, byval elm2 as any ptr ) as integer" defined-on="311" signature=";{,Sort" calling-convention="cdecl" exported="false" /><type name="vec2i" defined-on="22" /><type name="tri_struct" defined-on="26" /><type name="obj_struct" defined-on="34" /><type name="render_struct" defined-on="43" /><line-count comment="30" code="380" whitespace="77" total="487" /><line-width average="26" max="179" max-on="121" /></file><file name="line-intersect.bas" timestamp="41017.5512962963" encoding="ASCII" filesize="2303"><file-include line="4" pragma="once">ext/math/vector2.bi</file-include><file-include line="5" pragma="once">ext/math/line2.bi</file-include><file-include line="6" pragma="once">ext/math/intersects.bi</file-include><file-include line="7" pragma="once">fbgfx.bi</file-include><type name="Vector" defined-on="10" redirects-to="ext.math.fbext_Vector2( ((double)) )" /><type name="LineType" defined-on="11" redirects-to="ext.math.fbext_Line2( ((double)) )" /><sub name="SetupLines" signature-hash="599059700" declared-on="15" signature-d="declare sub SetupLines ( lines() as LineType, byval count as uinteger )" defined-on="61" signature=":[,SetupLines" exported="false" /><line-count comment="6" code="56" whitespace="22" total="84" /><line-width average="25" max="78" max-on="67" /></file><file name="perm-comb.bas" timestamp="41017.5512962963" encoding="ASCII" filesize="459"><file-include line="10" pragma="once">ext/math.bi</file-include><line-count comment="8" code="4" whitespace="4" total="16" /><line-width average="27" max="70" max-on="4" /></file><file name="perpendicular-lines.bas" timestamp="41017.5512962963" encoding="ASCII" filesize="2661"><file-include line="3" pragma="once">ext/math/line2.bi</file-include><file-include line="4" pragma="once">ext/math/projections.bi</file-include><file-include line="5" pragma="once">fbgfx.bi</file-include><type name="Vector" defined-on="8" redirects-to="ext.math.fbext_Vector2( ((double)) )" /><type name="LineType" defined-on="9" redirects-to="ext.math.fbext_Line2( ((double)) )" /><line-count comment="3" code="57" whitespace="19" total="79" /><line-width average="31" max="79" max-on="53" /></file><file name="PointAt.bas" timestamp="41017.5512962963" encoding="ASCII" filesize="13483"><file-include line="10" pragma="once">crt/string.bi</file-include><file-include line="11" pragma="once">ext/graphics.bi</file-include><file-include line="12" pragma="once">ext/math.bi</file-include><file-include line="13" pragma="once">fbgfx.bi</file-include><function name="Sort" signature-hash="4183985356" declared-on="15" signature-d="declare function Sort cdecl ( byval elm1 as any ptr, byval elm2 as any ptr ) as integer" defined-on="303" signature=";{,Sort" calling-convention="cdecl" exported="false" /><type name="vec2i" defined-on="22" /><type name="tri_struct" defined-on="26" /><type name="obj_struct" defined-on="34" /><type name="render_struct" defined-on="43" /><line-count comment="30" code="371" whitespace="78" total="479" /><line-width average="26" max="179" max-on="121" /></file><file name="sphere-line-collision.bas" timestamp="41017.5512962963" encoding="ASCII" filesize="2896"><file-include line="11" pragma="once">ext/math.bi</file-include><file-include line="12" pragma="once">fbgfx.bi</file-include><function name="cPointline" signature-hash="3317650082" declared-on="16" signature-d="declare function cPointline( byref vA as vector2d, byref vB as vector2d, byref vPoint as vector2d ) as vector2d " defined-on="90" signature=";[,cPointline" exported="false" /><line-count comment="9" code="93" whitespace="45" total="147" /><line-width average="18" max="112" max-on="16" /></file><file name="stars.bas" timestamp="41017.5512962963" encoding="ASCII" filesize="2395"><file-include line="10" pragma="once">ext/graphics.bi</file-include><file-include line="11" pragma="once">ext/math.bi</file-include><file-include line="12" pragma="once">crt/stdlib.bi</file-include><file-include line="13" pragma="once">fbgfx.bi</file-include><line-count comment="9" code="55" whitespace="19" total="83" /><line-width average="27" max="95" max-on="74" /></file><file name="vector-field.bas" timestamp="41017.5512962963" encoding="ASCII" filesize="2510"><file-include line="5" pragma="once">ext/math/vector2.bi</file-include><file-include line="6" pragma="once">fbgfx.bi</file-include><type name="Vector" defined-on="13" redirects-to="ext.math.fbext_Vector2( ((double)) )" /><line-count comment="4" code="52" whitespace="23" total="79" /><line-width average="29" max="80" max-on="54" /></file><file name="vectors.bas" timestamp="41017.5512962963" encoding="ASCII" filesize="191"><file-include line="1" pragma="once">ext/math.bi</file-include><line-count comment="0" code="12" whitespace="7" total="19" /><line-width average="9" max="28" max-on="1" /></file><file name="yinyang.bas" timestamp="41017.5512962963" encoding="ASCII" filesize="6264"><file-include line="7" pragma="once">ext/math/vector2.bi</file-include><file-include line="8" pragma="once">ext/math/line2.bi</file-include><file-include line="9" pragma="once">ext/math/reflections.bi</file-include><file-include line="10" pragma="once">fbgfx.bi</file-include><type name="Vector" defined-on="12" redirects-to="ext.math.fbext_Vector2( ((double)) )" /><type name="LineType" defined-on="13" redirects-to="ext.math.fbext_Line2( ((double)) )" /><type name="Particle" defined-on="15" /><sub name="CheckForCollisionWithScreenEdge" signature-hash="2571113275" declared-on="24" signature-d="declare sub CheckForCollisionWithScreenEdge ( byref p as Particle )" defined-on="155" signature=":[,CheckForCollisionWithScreenEdge" exported="false" /><line-count comment="8" code="126" whitespace="45" total="179" /><line-width average="33" max="137" max-on="92" /></file></directory><directory name="memory"><directory name="detail"><file name="common.bi" timestamp="41016.74440972223" encoding="ASCII" filesize="1922"><file-include line="26" pragma="once">ext/detail/common.bi</file-include><line-count comment="21" code="11" whitespace="6" total="38" /><line-width average="48" max="223" max-on="9" /></file></directory><file name="sharedptr.bas" timestamp="41017.5512962963" encoding="ASCII" filesize="1200"><file-include line="10" pragma="once">ext/memory/sharedptr.bi</file-include><type name="Gizmo" defined-on="12" /><line-count comment="8" code="33" whitespace="6" total="47" /><line-width average="24" max="77" max-on="37" /></file></directory><directory name="net"><file name="http-getfile.bas" timestamp="41017.93071759259" encoding="ASCII" filesize="793"><file-include line="1" pragma="once">ext/net/socket.bi</file-include><line-count comment="0" code="27" whitespace="7" total="34" /><line-width average="21" max="73" max-on="10" /></file><file name="http-getfiletomem.bas" timestamp="41023.93378472222" encoding="ASCII" filesize="365"><file-include line="1" pragma="once">ext/net/http.bi</file-include><line-count comment="0" code="13" whitespace="5" total="18" /><line-width average="18" max="91" max-on="9" /></file><file name="http-server.bas" timestamp="41024.83835648148" encoding="ASCII" filesize="3188"><file-include line="1" pragma="once">ext/net/http.bi</file-include><file-include line="2" pragma="once">ext/file/file.bi</file-include><sub name="processRequest" signature-hash="3137233155" declared-on="4" signature-d="declare sub processRequest( byref s as ext.net.TCPsocket )" /><sub name="processRequest" defined-on="31" signature-hash="3473103148" signature=":[,processRequest" exported="false" /><line-count comment="0" code="62" whitespace="20" total="82" /><line-width average="36" max="150" max-on="70" /></file></directory><directory name="options"><file name="cmdopt.bas" timestamp="41017.5512962963" encoding="ASCII" filesize="1508"><file-include line="1" pragma="once">ext/options.bi</file-include><line-count comment="0" code="48" whitespace="13" total="61" /><line-width average="23" max="129" max-on="8" /></file></directory><directory name="preprocessor"><file name="seq-elem.bi" timestamp="41016.74440972223" encoding="ASCII" filesize="615"><file-include line="10" pragma="once">ext/preprocessor/seq/elem.bi</file-include><line-count comment="8" code="6" whitespace="3" total="17" /><line-width average="34" max="70" max-on="6" /></file><file name="seq-insert.bi" timestamp="41016.74440972223" encoding="ASCII" filesize="2084"><file-include line="32" pragma="once">ext/preprocessor/seq/insert.bi</file-include><line-count comment="29" code="3" whitespace="4" total="36" /><line-width average="55" max="223" max-on="18" /></file></directory><directory name="sort"><file name="quicksort.bas" timestamp="41017.5512962963" encoding="ASCII" filesize="1475"><file-include line="10" pragma="once">ext/algorithms/quicksort.bi</file-include><type name="Rational" defined-on="12" /><line-count comment="9" code="38" whitespace="6" total="53" /><line-width average="26" max="81" max-on="23" /></file></directory><directory name="strings"><file name="join.bas" timestamp="41017.5512962963" encoding="ASCII" filesize="543"><file-include line="10">ext/strings.bi</file-include><line-count comment="17" code="6" whitespace="6" total="29" /><line-width average="17" max="70" max-on="4" /></file><file name="repeat.bas" timestamp="41017.5512962963" encoding="ASCII" filesize="444"><file-include line="10">ext/strings.bi</file-include><line-count comment="12" code="4" whitespace="4" total="20" /><line-width average="21" max="70" max-on="4" /></file><file name="replace.bas" timestamp="41017.5512962963" encoding="ASCII" filesize="1077"><file-include line="10">ext/strings.bi</file-include><line-count comment="15" code="16" whitespace="7" total="38" /><line-width average="27" max="79" max-on="2" /></file><file name="reverse.bas" timestamp="41017.5512962963" encoding="ASCII" filesize="450"><file-include line="10">ext/strings.bi</file-include><line-count comment="8" code="6" whitespace="4" total="18" /><line-width average="24" max="70" max-on="4" /></file><file name="split.bas" timestamp="41017.5512962963" encoding="ASCII" filesize="1903"><file-include line="10">ext/strings.bi</file-include><sub name="test" defined-on="12" signature-hash="2502735592" signature=":[,test" exported="false" /><line-count comment="30" code="35" whitespace="10" total="75" /><line-width average="24" max="91" max-on="16" /></file><file name="xstring.bas" timestamp="41017.5512962963" encoding="ASCII" filesize="1160"><file-include line="10" pragma="once">ext/xstring.bi</file-include><line-count comment="9" code="32" whitespace="17" total="58" /><line-width average="19" max="87" max-on="34" /></file></directory><directory name="xml"><file name="advanced.bas" timestamp="41017.5512962963" encoding="ASCII" filesize="2657"><file-include line="10" pragma="once">ext/xml.bi</file-include><file-include line="11" pragma="once">ext/xstring.bi</file-include><file-include line="12" pragma="once">ext/misc.bi</file-include><file-include line="13" pragma="once">datetime.bi</file-include><sub name="RecurseInto" signature-hash="1007460712" declared-on="20" signature-d="declare sub RecurseInto( byref dirx as string, byval nde as ext.xml.node ptr )" defined-on="63" signature=":[,RecurseInto" exported="false" /><line-count comment="14" code="53" whitespace="34" total="101" /><line-width average="25" max="106" max-on="92" /></file><file name="kloc.bas" timestamp="41340.71333333333" encoding="ASCII" filesize="21102"><file-include line="28" pragma="once">ext/misc.bi</file-include><file-include line="29" pragma="once">ext/xml.bi</file-include><file-include line="30" pragma="once">ext/strings.bi</file-include><file-include line="31" pragma="once">ext/debug.bi</file-include><file-include line="32" pragma="once">ext/file/file.bi</file-include><file-include line="33" pragma="once">ext/options.bi</file-include><file-include line="34" pragma="once">ext/hash.bi</file-include><file-include line="37" pragma="once">file.bi</file-include><type name="_" defined-on="54" /><sub name="AnalyzeFile" signature-hash="2853098495" declared-on="66" signature-d="declare sub AnalyzeFile( byval xnode as ext.xml.node ptr )" defined-on="240" signature=":[,AnalyzeFile" exported="false" /><function name="ReadNextLine" signature-hash="3309933868" declared-on="67" signature-d="declare function readNextLine( ) as string" defined-on="229" signature=";[,ReadNextLine" exported="false" /><sub name="RecurseInto" signature-hash="2186965768" declared-on="68" signature-d="declare sub RecurseInto( byval xnode as ext.xml.node ptr )" defined-on="155" signature=":[,RecurseInto" exported="false" /><function name="getLinetype" signature-hash="297198436" declared-on="69" signature-d="declare function getLinetype( byval xnode as ext.xml.node ptr, byref lstr as const string ) as linetype" defined-on="337" signature=";[,getLinetype" exported="false" /><function name="isFunction" signature-hash="2747737362" declared-on="70" signature-d="declare function isFunction( byval xnode as ext.xml.node ptr, byref lstr as const string ) as string" defined-on="518" signature=";[,isFunction" exported="false" /><function name="getFunctionSignature" signature-hash="248716325" declared-on="71" signature-d="declare function getFunctionSignature( byref lstr as const string ) as string" defined-on="466" signature=";[,getFunctionSignature" exported="false" /><function name="findFunction" signature-hash="1007341764" declared-on="72" signature-d="declare function findFunction( byval xnode as ext.xml.node ptr, byval hash as uinteger ) as ext.xml.node ptr" /><function name="isType" signature-hash="368507104" declared-on="73" signature-d="declare function isType( byval xnode as ext.xml.node ptr, byref lstr as const string ) as linetype" defined-on="605" signature=";[,isType" exported="false" /><function name="isPreProcessor" signature-hash="2520237671" declared-on="74" signature-d="declare function isPreProcessor( byval xnode as ext.xml.node ptr, byref lstr as const string ) as linetype" defined-on="635" signature=";[,isPreProcessor" exported="false" /><type name="testTypeForwarding" defined-on="603" redirects-to="integer" /><line-count comment="28" code="490" whitespace="155" total="673" /><line-width average="30" max="210" max-on="8" /></file><file name="simple.bas" timestamp="41017.5512962963" encoding="ASCII" filesize="800"><file-include line="10">ext/xml.bi</file-include><line-count comment="8" code="13" whitespace="10" total="31" /><line-width average="24" max="82" max-on="22" /></file></directory><file name="builder.bas" timestamp="41017.55128472222" encoding="ASCII" filesize="3873"><file-include line="29" pragma="once">ext/misc.bi</file-include><file-include line="30" pragma="once">ext/xml.bi</file-include><file-include line="31" pragma="once">ext/strings.bi</file-include><file-include line="32" pragma="once">ext/debug.bi</file-include><file-include line="33" pragma="once">ext/xstring.bi</file-include><line-count comment="25" code="55" whitespace="38" total="118" /><line-width average="31" max="223" max-on="9" /></file></directory><statistics><lines>4679</lines><file-count>61</file-count><run-date>03-07-2013</run-date><run-time>17:25:02</run-time><run-length unit="seconds">0.2096289072651416</run-length></statistics></ext-kloc>
