<ext-kloc base-href="../../src"><directory name="/"><directory name="modules"><directory name="containers"><file name="libext-container-bitarray.bas" timestamp="41016.74443287037" encoding="ASCII" filesize="4494"><file-include line="23" pragma="once">ext/containers/bitarray.bi</file-include><line-count comment="42" code="68" whitespace="40" total="150" /><line-width average="27" max="223" max-on="9" /></file><file name="libext-containers-hashtable-core.bas" timestamp="41016.74443287037" encoding="ASCII" filesize="2560"><file-include line="23" pragma="once">ext/detail/common.bi</file-include><file-include line="24" pragma="once">ext/containers/hashtable.bi</file-include><file-include line="25" pragma="once">ext/hash.bi</file-include><file-include line="27" pragma="once">crt.bi</file-include><line-count comment="21" code="31" whitespace="10" total="62" /><line-width average="39" max="223" max-on="9" /></file></directory><directory name="conversion"><file name="libext-conv-base64.bas" timestamp="41016.74443287037" encoding="ASCII" filesize="5717"><file-include line="25" pragma="once">ext/conversion/base64.bi</file-include><file-include line="26" pragma="once">ext/detail/common.bi</file-include><line-count comment="23" code="85" whitespace="28" total="136" /><line-width average="40" max="223" max-on="11" /></file></directory><directory name="database"><directory name="drivers"><file name="mysql.bas" timestamp="41016.74443287037" encoding="ASCII" filesize="9942"><file-include line="23" pragma="once">ext/database/drivers/mysqldriver.bi</file-include><file-include line="25" pragma="once">mysql/mysql.bi</file-include><type name="MySQLDriverInfo" defined-on="29" /><function name="mapMY2E" signature-hash="3822953962" declared-on="41" signature-d="	declare function mapMY2E( byval c as integer ) as StatusCode" /><function name="MySQL_opendb" signature-hash="1920501996" declared-on="43" signature-d="	declare function MySQL_opendb( byval d as DatabaseDriverF ptr, byref connect as const string ) as StatusCode" /><function name="MySQL_closedb" signature-hash="2414218495" declared-on="44" signature-d="	declare function MySQL_closedb( byval d as DatabaseDriverF ptr ) as StatusCode" /><function name="MySQL_prepareD" signature-hash="642795689" declared-on="45" signature-d="	declare function MySQL_prepareD( byval d as DatabaseDriverF ptr, byref sql as const string ) as StatusCode" /><function name="MySQL_noresquery" signature-hash="3140603670" declared-on="46" signature-d="	declare function MySQL_noresquery( byval d as DatabaseDriverF ptr, byref sql as const string ) as StatusCode" /><function name="MySQL_stepD" signature-hash="929469028" declared-on="47" signature-d="	declare function MySQL_stepD( byval d as DatabaseDriverF ptr ) as StatusCode" /><function name="MySQL_numcol" signature-hash="1021815906" declared-on="48" signature-d="	declare function MySQL_numcol( byval d as DatabaseDriverF ptr ) as integer" /><function name="MySQL_colname" signature-hash="4253076930" declared-on="49" signature-d="	declare function MySQL_colname( byval d as DatabaseDriverF ptr, byval col as integer ) as string" /><function name="MySQL_colval" signature-hash="3768993918" declared-on="50" signature-d="	declare function MySQL_colval( byval d as DatabaseDriverF ptr, byval col as integer ) as string" /><function name="MySQL_final" signature-hash="1192859368" declared-on="51" signature-d="	declare function MySQL_final( byval d as DatabaseDriverF ptr ) as StatusCode" /><function name="MySQL_errors" signature-hash="3565934947" declared-on="52" signature-d="	declare function MySQL_errors( byval d as DatabaseDriverF ptr ) as string" /><function name="MySQL_dbhandle" signature-hash="2202998813" declared-on="53" signature-d="	declare function MySQL_dbhandle( byval d as DatabaseDriverF ptr ) as any ptr" /><function name="MySQL_stmthandle" signature-hash="980095919" declared-on="54" signature-d="	declare function MySQL_stmthandle( byval d as DatabaseDriverF ptr ) as any ptr" /><sub name="MySQL_destroydd" signature-hash="4164418188" declared-on="55" signature-d="	declare sub MySQL_destroydd( byval d as DatabaseDriverF ptr )" /><function name="MySQL_bindint" signature-hash="2519906619" declared-on="56" signature-d="	declare function MySQL_bindint( byval d as DatabaseDriverF ptr, byval coli as integer, byval vali as integer ) as StatusCode" /><function name="MySQL_bindstr" signature-hash="3197149245" declared-on="57" signature-d="	declare function MySQL_bindstr( byval d as DatabaseDriverF ptr, byval coli as integer, byref vali as string ) as StatusCode" /><function name="MySQL_binddbl" signature-hash="1025106634" declared-on="58" signature-d="	declare function MySQL_binddbl( byval d as DatabaseDriverF ptr, byval coli as integer, byval vali as double ) as StatusCode" /><function name="MySQL_bindblob" signature-hash="322758104" declared-on="59" signature-d="	declare function MySQL_bindblob( byval d as DatabaseDriverF ptr, byval coli as integer, byval vali as any ptr, byval lenv as integer ) as StatusCode" /><function name="MySQL_bindnull" signature-hash="1304847815" declared-on="60" signature-d="	declare function MySQL_bindnull( byval d as DatabaseDriverF ptr, byval coli as integer ) as StatusCode" /><function name="mapMY2E" defined-on="62" signature-hash="509047185" signature=";[,mapMY2E" exported="false" /><function name="newMySQLDriver" defined-on="68" signature-hash="2967430159" signature=";[,newMySQLDriver" exported="false" /><function name="MySQL_noresquery" defined-on="95" signature-hash="450815992" signature=";[,MySQL_noresquery" exported="false" /><sub name="MySQL_destroydd" defined-on="104" signature-hash="1058920684" signature=":[,MySQL_destroydd" exported="false" /><function name="MySQL_opendb" defined-on="110" signature-hash="3549929474" signature=";[,MySQL_opendb" exported="false" /><function name="MySQL_closedb" defined-on="157" signature-hash="609350836" signature=";[,MySQL_closedb" exported="false" /><function name="MySQL_prepareD" defined-on="164" signature-hash="4088869454" signature=";[,MySQL_prepareD" exported="false" /><function name="MySQL_stepD" defined-on="176" signature-hash="4098848702" signature=";[,MySQL_stepD" exported="false" /><function name="MySQL_numcol" defined-on="184" signature-hash="944697808" signature=";[,MySQL_numcol" exported="false" /><function name="MySQL_colname" defined-on="190" signature-hash="3394813040" signature=";[,MySQL_colname" exported="false" /><function name="MySQL_bindint" defined-on="207" signature-hash="66633376" signature=";[,MySQL_bindint" exported="false" /><function name="MySQL_binddbl" defined-on="211" signature-hash="1213528834" signature=";[,MySQL_binddbl" exported="false" /><function name="MySQL_bindstr" defined-on="215" signature-hash="3420305909" signature=";[,MySQL_bindstr" exported="false" /><function name="MySQL_bindblob" defined-on="219" signature-hash="998303573" signature=";[,MySQL_bindblob" exported="false" /><function name="MySQL_bindNull" defined-on="223" signature-hash="481459365" signature=";[,MySQL_bindNull" exported="false" /><function name="MySQL_colval" defined-on="227" signature-hash="3773565589" signature=";[,MySQL_colval" exported="false" /><function name="MySQL_final" defined-on="234" signature-hash="2217767730" signature=";[,MySQL_final" exported="false" /><function name="MySQL_errors" defined-on="239" signature-hash="2800778981" signature=";[,MySQL_errors" exported="false" /><function name="MySQL_dbhandle" defined-on="246" signature-hash="1080491463" signature=";[,MySQL_dbhandle" exported="false" /><function name="MySQL_stmthandle" defined-on="252" signature-hash="2447174628" signature=";[,MySQL_stmthandle" exported="false" /><line-count comment="22" code="170" whitespace="66" total="258" /><line-width average="36" max="223" max-on="9" /></file><file name="sqlite3.bas" timestamp="41016.74443287037" encoding="ASCII" filesize="9099"><file-include line="23" pragma="once">ext/database/drivers/sqlite3driver.bi</file-include><type name="SQLite3DriverInfo" defined-on="26" /><function name="mapS2E" signature-hash="1065523725" declared-on="31" signature-d="	declare function mapS2E( byval c as integer ) as StatusCode" /><function name="sqlite3_opendb" signature-hash="2533836382" declared-on="33" signature-d="	declare function sqlite3_opendb( byval d as DatabaseDriverF ptr, byref connect as const string ) as StatusCode" /><function name="sqlite3_closedb" signature-hash="1357577708" declared-on="34" signature-d="	declare function sqlite3_closedb( byval d as DatabaseDriverF ptr ) as StatusCode" /><function name="sqlite3_prepareD" signature-hash="1554242247" declared-on="35" signature-d="	declare function sqlite3_prepareD( byval d as DatabaseDriverF ptr, byref sql as const string ) as StatusCode" /><function name="sqlite3_noresquery" signature-hash="1582170532" declared-on="36" signature-d="	declare function sqlite3_noresquery( byval d as DatabaseDriverF ptr, byref sql as const string ) as StatusCode" /><function name="sqlite3_stepD" signature-hash="790876976" declared-on="37" signature-d="	declare function sqlite3_stepD( byval d as DatabaseDriverF ptr ) as StatusCode" /><function name="sqlite3_numcol" signature-hash="1489253681" declared-on="38" signature-d="	declare function sqlite3_numcol( byval d as DatabaseDriverF ptr ) as integer" /><function name="sqlite3_colname" signature-hash="1401915068" declared-on="39" signature-d="	declare function sqlite3_colname( byval d as DatabaseDriverF ptr, byval col as integer ) as string" /><function name="sqlite3_colval" signature-hash="1049066646" declared-on="40" signature-d="	declare function sqlite3_colval( byval d as DatabaseDriverF ptr, byval col as integer ) as string" /><function name="sqlite3_final" signature-hash="1599920060" declared-on="41" signature-d="	declare function sqlite3_final( byval d as DatabaseDriverF ptr ) as StatusCode" /><function name="sqlite3_errors" signature-hash="2629454458" declared-on="42" signature-d="	declare function sqlite3_errors( byval d as DatabaseDriverF ptr ) as string" /><function name="sqlite3_dbhandle" signature-hash="2601146697" declared-on="43" signature-d="	declare function sqlite3_dbhandle( byval d as DatabaseDriverF ptr ) as any ptr" /><function name="sqlite3_stmthandle" signature-hash="3848790716" declared-on="44" signature-d="	declare function sqlite3_stmthandle( byval d as DatabaseDriverF ptr ) as any ptr" /><sub name="sqlite3_destroydd" signature-hash="3320072530" declared-on="45" signature-d="	declare sub sqlite3_destroydd( byval d as DatabaseDriverF ptr )" /><function name="sqlite3_bindint" signature-hash="3660966933" declared-on="46" signature-d="	declare function sqlite3_bindint( byval d as DatabaseDriverF ptr, byval coli as integer, byval vali as integer ) as StatusCode" /><function name="sqlite3_bindstr" signature-hash="3503673372" declared-on="47" signature-d="	declare function sqlite3_bindstr( byval d as DatabaseDriverF ptr, byval coli as integer, byref vali as string ) as StatusCode" /><function name="sqlite3_binddbl" signature-hash="1398575851" declared-on="48" signature-d="	declare function sqlite3_binddbl( byval d as DatabaseDriverF ptr, byval coli as integer, byval vali as double ) as StatusCode" /><function name="sqlite3_bindblob" signature-hash="3061767947" declared-on="49" signature-d="	declare function sqlite3_bindblob( byval d as DatabaseDriverF ptr, byval coli as integer, byval vali as any ptr, byval lenv as integer ) as StatusCode" /><function name="sqlite3_bindnull" signature-hash="3628597266" declared-on="50" signature-d="	declare function sqlite3_bindnull( byval d as DatabaseDriverF ptr, byval coli as integer ) as StatusCode" /><function name="mapS2E" defined-on="52" signature-hash="3618609943" signature=";[,mapS2E" exported="false" /><function name="newSQLite3Driver" defined-on="73" signature-hash="2110902564" signature=";[,newSQLite3Driver" exported="false" /><function name="sqlite3_noresquery" defined-on="100" signature-hash="2869352147" signature=";[,sqlite3_noresquery" exported="false" /><sub name="sqlite3_destroydd" defined-on="106" signature-hash="1970906171" signature=":[,sqlite3_destroydd" exported="false" /><function name="sqlite3_opendb" defined-on="112" signature-hash="1649381673" signature=";[,sqlite3_opendb" exported="false" /><function name="sqlite3_closedb" defined-on="118" signature-hash="4026645179" signature=";[,sqlite3_closedb" exported="false" /><function name="sqlite3_prepareD" defined-on="124" signature-hash="4249678377" signature=";[,sqlite3_prepareD" exported="false" /><function name="sqlite3_stepD" defined-on="132" signature-hash="2224302971" signature=";[,sqlite3_stepD" exported="false" /><function name="sqlite3_numcol" defined-on="141" signature-hash="2616053995" signature=";[,sqlite3_numcol" exported="false" /><function name="sqlite3_colname" defined-on="147" signature-hash="2726182132" signature=";[,sqlite3_colname" exported="false" /><function name="sqlite3_bindint" defined-on="155" signature-hash="3605315501" signature=";[,sqlite3_bindint" exported="false" /><function name="sqlite3_binddbl" defined-on="159" signature-hash="873730592" signature=";[,sqlite3_binddbl" exported="false" /><function name="sqlite3_bindstr" defined-on="163" signature-hash="3080540375" signature=";[,sqlite3_bindstr" exported="false" /><function name="sqlite3_bindblob" defined-on="167" signature-hash="3596447901" signature=";[,sqlite3_bindblob" exported="false" /><function name="sqlite3_bindNull" defined-on="171" signature-hash="3957911683" signature=";[,sqlite3_bindNull" exported="false" /><function name="sqlite3_colval" defined-on="175" signature-hash="467629639" signature=";[,sqlite3_colval" exported="false" /><function name="sqlite3_final" defined-on="183" signature-hash="4109053943" signature=";[,sqlite3_final" exported="false" /><function name="sqlite3_errors" defined-on="187" signature-hash="3117494663" signature=";[,sqlite3_errors" exported="false" /><function name="sqlite3_dbhandle" defined-on="194" signature-hash="817733890" signature=";[,sqlite3_dbhandle" exported="false" /><function name="sqlite3_stmthandle" defined-on="200" signature-hash="1166845419" signature=";[,sqlite3_stmthandle" exported="false" /><line-count comment="21" code="132" whitespace="53" total="206" /><line-width average="42" max="223" max-on="9" /></file></directory><file name="database.bas" timestamp="41016.74443287037" encoding="ASCII" filesize="4942"><file-include line="23" pragma="once">ext/database/database.bi</file-include><function name="Connection.connect" defined-on="41" signature-hash="4011321578" signature=";[,Connection.connect" exported="false" /><function name="Connection.getError" defined-on="54" signature-hash="156421133" signature=";[,Connection.getError" exported="false" /><function name="Connection.query" defined-on="58" signature-hash="3003766775" signature=";[,Connection.query" exported="false" /><function name="Connection.prepare" defined-on="64" signature-hash="2349317485" signature=";[,Connection.prepare" exported="false" /><function name="Connection.close" defined-on="70" signature-hash="4287627348" signature=";[,Connection.close" exported="false" /><function name="Connection.handle" defined-on="76" signature-hash="3050447636" signature=";[,Connection.handle" exported="false" /><function name="Statement.bind" defined-on="101" signature-hash="1712270365" signature=";[,Statement.bind" exported="false" /><function name="Statement.bind" defined-on="105" signature-hash="151812454" signature=";[,Statement.bind" exported="false" /><function name="Statement.bind" defined-on="109" signature-hash="1373824416" signature=";[,Statement.bind" exported="false" /><function name="Statement.bind" defined-on="113" signature-hash="1145128142" signature=";[,Statement.bind" exported="false" /><function name="Statement.bind" defined-on="117" signature-hash="4172967080" signature=";[,Statement.bind" exported="false" /><function name="Statement.execute" defined-on="121" signature-hash="846225466" signature=";[,Statement.execute" exported="false" /><function name="Statement.numColumns" defined-on="131" signature-hash="472697330" signature=";[,Statement.numColumns" exported="false" /><function name="Statement.columnName" defined-on="135" signature-hash="923315812" signature=";[,Statement.columnName" exported="false" /><function name="Statement.columnValue" defined-on="140" signature-hash="3753040054" signature=";[,Statement.columnValue" exported="false" /><function name="Statement.finalize" defined-on="145" signature-hash="2485171778" signature=";[,Statement.finalize" exported="false" /><function name="Statement.handle" defined-on="149" signature-hash="131462069" signature=";[,Statement.handle" exported="false" /><line-count comment="21" code="91" whitespace="43" total="155" /><line-width average="29" max="223" max-on="9" /></file></directory><directory name="error"><file name="libext-core-error.bas" timestamp="41016.74443287037" encoding="ASCII" filesize="4034"><file-include line="23" pragma="once">ext/error.bi</file-include><line-count comment="21" code="60" whitespace="24" total="105" /><line-width average="36" max="221" max-on="9" /></file></directory><directory name="file"><file name="libext-file-console.bas" timestamp="41016.74443287037" encoding="ASCII" filesize="4411"><file-include line="23" pragma="once">ext/detail/common.bi</file-include><file-include line="24" pragma="once">ext/file/console.bi</file-include><line-count comment="21" code="88" whitespace="50" total="159" /><line-width average="24" max="223" max-on="9" /></file><file name="libext-file-file.bas" timestamp="41340.69865740741" encoding="ASCII" filesize="9266"><file-include line="23" pragma="once">ext/detail/common.bi</file-include><file-include line="24" pragma="once">ext/file/file.bi</file-include><sub name="File.print" defined-on="32" signature-hash="718831095" signature=":[,File.print" exported="false" /><sub name="File.print" defined-on="51" signature-hash="650678473" signature=":[,File.print" exported="false" /><sub name="File.get" defined-on="82" signature-hash="1848228680" signature=":[,File.get" exported="false" /><sub name="File.put" defined-on="119" signature-hash="2669065319" signature=":[,File.put" exported="false" /><line-count comment="28" code="251" whitespace="133" total="412" /><line-width average="20" max="221" max-on="9" /></file></directory><directory name="graphics"><directory name="pnginc"><file name="file_to_buffer.bi" timestamp="41016.74444444444" encoding="ASCII" filesize="250"><function name="file_to_buffer _" signature-hash="4276788475" declared-on="6" signature-d="declare function file_to_buffer _" /><line-count comment="0" code="10" whitespace="4" total="14" /><line-width average="15" max="33" max-on="6" /></file><file name="IDAT.bi" timestamp="41016.74443287037" encoding="ASCII" filesize="196"><function name="IDAT_prepare _" signature-hash="346371161" declared-on="6" signature-d="declare function IDAT_prepare _" /><line-count comment="1" code="8" whitespace="2" total="11" /><line-width average="15" max="45" max-on="8" /></file><file name="IHDR.bi" timestamp="41016.74443287037" encoding="ASCII" filesize="198"><function name="IHDR_prepare _" signature-hash="4262015217" declared-on="7" signature-d="declare function IHDR_prepare _" /><line-count comment="1" code="8" whitespace="3" total="12" /><line-width average="14" max="45" max-on="9" /></file><file name="PLTE.bi" timestamp="41016.74444444444" encoding="ASCII" filesize="198"><function name="PLTE_prepare _" signature-hash="2105648639" declared-on="7" signature-d="declare function PLTE_prepare _" /><line-count comment="1" code="8" whitespace="3" total="12" /><line-width average="14" max="45" max-on="9" /></file><file name="png_image.bi" timestamp="41026.76025462963" encoding="ASCII" filesize="4973"><file-include line="8" pragma="once">ext/detail/common.bi</file-include><file-include line="9" pragma="once">ext/graphics/detail/common.bi</file-include><file-include line="11">crt.bi</file-include><file-include line="30" pragma="once">ext/debug.bi</file-include><type name="bool_e" defined-on="34" redirects-to="ext.bool" /><type name="OLD_HEADER" defined-on="36" /><type name="NEW_HEADER" defined-on="42" /><type name="png_chunk_t" defined-on="54" /><type name="png_RGB8_t" defined-on="61" /><type name="plot_func_t" defined-on="67" redirects-to="sub _" /><type name="png_image_t" defined-on="77" /><sub name="png_image_init _" signature-hash="3479085617" declared-on="110" signature-d="declare sub png_image_init _" /><sub name="png_image_deinit _" signature-hash="2958688430" declared-on="117" signature-d="declare sub png_image_deinit _" /><sub name="png_image_prepare _" signature-hash="2865458136" declared-on="122" signature-d="declare sub png_image_prepare _" /><function name="png_image_convert _" signature-hash="2298046147" declared-on="127" signature-d="declare function png_image_convert _" /><function name="chunk_find _" signature-hash="3070124719" declared-on="133" signature-d="declare function chunk_find _" /><function name="calc_scan_size _" signature-hash="3255908770" declared-on="140" signature-d="declare function calc_scan_size _" /><type name="uInt" defined-on="158" redirects-to="uinteger" /><type name="Bytef" defined-on="159" redirects-to="Byte" /><type name="charf" defined-on="160" redirects-to="byte" /><type name="intf" defined-on="161" redirects-to="integer" /><type name="uIntf" defined-on="162" redirects-to="uInt" /><type name="uLongf" defined-on="163" redirects-to="uLong" /><type name="voidpc" defined-on="164" redirects-to="any ptr" /><type name="voidpf" defined-on="165" redirects-to="any ptr" /><type name="voidp" defined-on="166" redirects-to="any ptr" /><function name="compress" signature-hash="722089324" declared-on="169" signature-d="declare function compress (byval dest as Bytef ptr, byval destLen as uLongf ptr, byval source as Bytef ptr, byval sourceLen as uLong) as integer" /><function name="compress2" signature-hash="1249608712" declared-on="170" signature-d="declare function compress2 (byval dest as Bytef ptr, byval destLen as uLongf ptr, byval source as Bytef ptr, byval sourceLen as uLong, byval level as integer) as integer" /><function name="compressBound" signature-hash="1135156125" declared-on="171" signature-d="declare function compressBound (byval sourceLen as uLong) as uLong" /><function name="uncompress" signature-hash="2391040518" declared-on="172" signature-d="declare function uncompress (byval dest as Bytef ptr, byval destLen as uLongf ptr, byval source as Bytef ptr, byval sourceLen as uLong) as integer" /><function name="crc32" signature-hash="2542653947" declared-on="173" signature-d="declare function crc32 (byval crc as uLong, byval buf as Bytef ptr, byval len as uInt) as uLong" /><line-count comment="8" code="138" whitespace="31" total="177" /><line-width average="26" max="169" max-on="170" /></file><file name="png_save.bi" timestamp="41016.74444444444" encoding="ASCII" filesize="3"><line-count comment="0" code="0" whitespace="1" total="1" /><line-width average="0" max="0" max-on="0" /></file><file name="tRNS.bi" timestamp="41016.74444444444" encoding="ASCII" filesize="194"><function name="tRNS_prepare _" signature-hash="2325777307" declared-on="6" signature-d="declare function tRNS_prepare _" /><line-count comment="1" code="8" whitespace="1" total="10" /><line-width average="17" max="45" max-on="8" /></file></directory><file name="libext-fbpng-IDAT.bas" timestamp="41016.74443287037" encoding="ASCII" filesize="2640"><file-include line="1" pragma="once">pnginc/png_image.bi</file-include><file-include line="2" pragma="once">crt.bi</file-include><function name="function IDAT_calc _" defined-on="8" signature-hash="2247916440" signature=";[,function IDAT_calc _" exported="false" /><function name="function IDAT_compile _" defined-on="40" signature-hash="3574549277" signature=";[,function IDAT_compile _" exported="false" /><function name="function IDAT_uncompress _" defined-on="84" signature-hash="1600256870" signature=";[,function IDAT_uncompress _" exported="false" /><function name="function IDAT_prepare _" defined-on="118" signature-hash="346371161" signature=";[,function IDAT_prepare _" exported="false" /><line-count comment="13" code="95" whitespace="25" total="133" /><line-width average="17" max="78" max-on="115" /></file><file name="libext-fbpng-IHDR.bas" timestamp="41016.74443287037" encoding="ASCII" filesize="1853"><file-include line="1" pragma="once">pnginc/png_image.bi</file-include><function name="function IHDR_is_valid _" defined-on="7" signature-hash="314407618" signature=";[,function IHDR_is_valid _" exported="false" /><function name="function IHDR_prepare _" defined-on="64" signature-hash="4262015217" signature=";[,function IHDR_prepare _" exported="false" /><line-count comment="6" code="74" whitespace="16" total="96" /><line-width average="17" max="65" max-on="69" /></file><file name="libext-fbpng-PLTE.bas" timestamp="41016.74443287037" encoding="ASCII" filesize="807"><file-include line="1" pragma="once">pnginc/png_image.bi</file-include><function name="function PLTE_prepare _" defined-on="7" signature-hash="2105648639" signature=";[,function PLTE_prepare _" exported="false" /><line-count comment="3" code="34" whitespace="4" total="41" /><line-width average="17" max="65" max-on="12" /></file><file name="libext-fbpng-png_dimensions.bas" timestamp="41016.74443287037" encoding="ASCII" filesize="1385"><file-include line="1" pragma="once">pnginc/png_image.bi</file-include><file-include line="2" pragma="once">crt.bi</file-include><sub name="sub dimensions cdecl alias &quot;png_dimensions&quot; _" defined-on="6" signature-hash="2218255688" signature=":{,sub dimensions cdecl alias &quot;png_dimensions&quot; _" calling-convention="cdecl" exported="false" /><sub name="sub dimensions_mem cdecl alias &quot;png_dimensions_mem&quot; _" defined-on="56" signature-hash="873380432" signature=":{,sub dimensions_mem cdecl alias &quot;png_dimensions_mem&quot; _" calling-convention="cdecl" exported="false" /><line-count comment="0" code="62" whitespace="15" total="77" /><line-width average="15" max="58" max-on="14" /></file><file name="libext-fbpng-png_image.bas" timestamp="41016.74443287037" encoding="ASCII" filesize="1796"><file-include line="1" pragma="once">pnginc/png_image.bi</file-include><function name="function chunk_find _" defined-on="16" signature-hash="3070124719" signature=";[,function chunk_find _" exported="false" /><function name="function calc_scan_size _" defined-on="44" signature-hash="3255908770" signature=";[,function calc_scan_size _" exported="false" /><line-count comment="9" code="56" whitespace="13" total="78" /><line-width average="21" max="71" max-on="41" /></file><file name="libext-fbpng-png_image_convert.bas" timestamp="41026.80430555555" encoding="ASCII" filesize="17482"><file-include line="1" pragma="once">pnginc/png_image.bi</file-include><file-include line="2" pragma="once">ext/memory.bi</file-include><file-include line="3" pragma="once">crt.bi</file-include><file-include line="6" pragma="once">ext/graphics/image.bi</file-include><sub name="sub png_image_filter_row_12 _" defined-on="11" signature-hash="109411870" signature=":[,sub png_image_filter_row_12 _" exported="false" /><sub name="sub png_image_filter_row_3 _" defined-on="60" signature-hash="2271983916" signature=":[,sub png_image_filter_row_3 _" exported="false" /><sub name="sub png_image_filter_row_4 _" defined-on="119" signature-hash="2183442345" signature=":[,sub png_image_filter_row_4 _" exported="false" /><sub name="sub png_image_fix_opengl _" defined-on="177" signature-hash="1750742819" signature=":[,sub png_image_fix_opengl _" exported="false" /><sub name="sub png_image_draw_row _" defined-on="200" signature-hash="1581643830" signature=":[,sub png_image_draw_row _" exported="false" /><line-count comment="13" code="434" whitespace="80" total="527" /><line-width average="31" max="135" max-on="321" /></file><file name="libext-fbpng-png_image_deinit.bas" timestamp="41016.74443287037" encoding="ASCII" filesize="493"><file-include line="1" pragma="once">pnginc/png_image.bi</file-include><file-include line="2" pragma="once">crt.bi</file-include><sub name="sub png_image_deinit _" defined-on="9" signature-hash="2958688430" signature=":[,sub png_image_deinit _" exported="false" /><line-count comment="3" code="19" whitespace="6" total="28" /><line-width average="15" max="43" max-on="23" /></file><file name="libext-fbpng-png_image_init.bas" timestamp="41016.74443287037" encoding="ASCII" filesize="503"><file-include line="1" pragma="once">pnginc/png_image.bi</file-include><file-include line="2" pragma="once">crt.bi</file-include><sub name="sub png_image_init _" defined-on="10" signature-hash="3479085617" signature=":[,sub png_image_init _" exported="false" /><line-count comment="3" code="17" whitespace="7" total="27" /><line-width average="16" max="50" max-on="8" /></file><file name="libext-fbpng-png_image_prepare.bas" timestamp="41016.74443287037" encoding="ASCII" filesize="4945"><file-include line="1" pragma="once">pnginc/png_image.bi</file-include><file-include line="2" pragma="once">pnginc/IDAT.bi</file-include><file-include line="3" pragma="once">pnginc/PLTE.bi</file-include><file-include line="4" pragma="once">pnginc/tRNS.bi</file-include><file-include line="5" pragma="once">pnginc/IHDR.bi</file-include><file-include line="6" pragma="once">crt.bi</file-include><sub name="sub png_image_bpp_calc _" defined-on="13" signature-hash="1821141119" signature=":[,sub png_image_bpp_calc _" exported="false" /><function name="function png_signature_check _" defined-on="34" signature-hash="2043966794" signature=";[,function png_signature_check _" exported="false" /><function name="function chunk_read _" defined-on="52" signature-hash="3005931381" signature=";[,function chunk_read _" exported="false" /><function name="function chunks_prepare _" defined-on="97" signature-hash="2980543384" signature=";[,function chunks_prepare _" exported="false" /><sub name="sub png_image_prepare _" defined-on="149" signature-hash="2865458136" signature=":[,sub png_image_prepare _" exported="false" /><line-count comment="15" code="162" whitespace="29" total="206" /><line-width average="22" max="101" max-on="147" /></file><file name="libext-fbpng-png_load.bas" timestamp="41026.76704861111" encoding="ASCII" filesize="1638"><file-include line="2" pragma="once">pnginc/png_image.bi</file-include><file-include line="6" pragma="once">ext/graphics/png.bi</file-include><file-include line="7" pragma="once">ext/graphics/image.bi</file-include><file-include line="9" pragma="once">ext/detail/common.bi</file-include><file-include line="10" pragma="once">ext/file/file.bi</file-include><file-include line="11" pragma="once">ext/graphics/detail/common.bi</file-include><line-count comment="1" code="46" whitespace="18" total="65" /><line-width average="23" max="80" max-on="54" /></file><file name="libext-fbpng-png_save.bas" timestamp="41016.74443287037" encoding="ASCII" filesize="4025"><file-include line="1">pnginc/png_image.bi</file-include><file-include line="2" pragma="once">fbgfx.bi</file-include><function name="function save cdecl alias &quot;png_save&quot; _" defined-on="14" signature-hash="2637450769" signature=";{,function save cdecl alias &quot;png_save&quot; _" calling-convention="cdecl" exported="false" /><line-count comment="2" code="142" whitespace="34" total="178" /><line-width average="20" max="91" max-on="124" /></file><file name="libext-fbpng-tRNS.bas" timestamp="41016.74443287037" encoding="ASCII" filesize="1216"><file-include line="1" pragma="once">pnginc/png_image.bi</file-include><function name="function tRNS_prepare _" defined-on="8" signature-hash="2325777307" signature=";[,function tRNS_prepare _" exported="false" /><line-count comment="3" code="44" whitespace="7" total="54" /><line-width average="20" max="65" max-on="13" /></file><file name="libext-gfx-alphablit.bas" timestamp="41016.74443287037" encoding="ASCII" filesize="5542"><file-include line="23" pragma="once">ext/graphics/manip.bi</file-include><sub name="AlphaBlit" defined-on="27" signature-hash="448178611" signature=":[,AlphaBlit" exported="false" /><line-count comment="22" code="83" whitespace="23" total="128" /><line-width average="39" max="223" max-on="9" /></file><file name="libext-gfx-blur.bas" timestamp="41016.74443287037" encoding="ASCII" filesize="3194"><file-include line="23" pragma="once">ext/graphics/manip.bi</file-include><file-include line="24" pragma="once">crt.bi</file-include><sub name="Blur" defined-on="28" signature-hash="606413404" signature=":[,Blur" exported="false" /><line-count comment="21" code="51" whitespace="33" total="105" /><line-width average="28" max="223" max-on="9" /></file><file name="libext-gfx-bmp.bas" timestamp="41026.78402777778" encoding="ASCII" filesize="2411"><file-include line="24" pragma="once">ext/graphics/image.bi</file-include><file-include line="25" pragma="once">ext/graphics/bmp.bi</file-include><line-count comment="21" code="21" whitespace="15" total="57" /><line-width average="40" max="223" max-on="9" /></file><file name="libext-gfx-font.bas" timestamp="41016.74443287037" encoding="ASCII" filesize="3185"><file-include line="27" pragma="once">ext/detail/common.bi</file-include><file-include line="28" pragma="once">ext/graphics/font.bi</file-include><file-include line="29" pragma="once">ext/graphics/manip.bi</file-include><function name="custom_info" defined-on="33" signature-hash="2030419970" signature=";[,custom_info" exported="false" /><function name="GetTextWidth" defined-on="58" signature-hash="2582431956" signature=";[,GetTextWidth" exported="false" /><line-count comment="24" code="37" whitespace="28" total="89" /><line-width average="33" max="223" max-on="9" /></file><file name="libext-gfx-font_ttf.bas" timestamp="41016.74443287037" encoding="ASCII" filesize="5988"><file-include line="30" pragma="once">ext/detail/common.bi</file-include><file-include line="31" pragma="once">ext/graphics/font.bi</file-include><file-include line="32" pragma="once">ext/debug.bi</file-include><function name="DeriveDesignHeightFromMaxHeight" defined-on="38" signature-hash="2015111596" signature=";[,DeriveDesignHeightFromMaxHeight" exported="false" /><function name="loadttf" defined-on="78" signature-hash="935311471" signature=";[,loadttf" exported="false" /><line-count comment="31" code="95" whitespace="39" total="165" /><line-width average="34" max="223" max-on="10" /></file><file name="libext-gfx-image.bas" timestamp="41037.73030092593" encoding="ASCII" filesize="6061"><file-include line="24" pragma="once">ext/graphics/manip.bi</file-include><file-include line="25" pragma="once">ext/graphics/image.bi</file-include><line-count comment="21" code="125" whitespace="54" total="200" /><line-width average="28" max="223" max-on="9" /></file><file name="libext-gfx-img_load.bas" timestamp="41026.79622685185" encoding="ASCII" filesize="2664"><file-include line="23" pragma="once">ext/graphics/detail/common.bi</file-include><file-include line="24" pragma="once">ext/containers/hashtable.bi</file-include><file-include line="25" pragma="once">ext/debug.bi</file-include><file-include line="27" pragma="once">ext/graphics/image.bi</file-include><function name="LoadImage" defined-on="35" signature-hash="1551476128" signature=";[,LoadImage" exported="false" /><line-count comment="21" code="26" whitespace="12" total="59" /><line-width average="43" max="223" max-on="9" /></file><file name="libext-gfx-intensify.bas" timestamp="41016.74443287037" encoding="ASCII" filesize="4323"><file-include line="23" pragma="once">ext/graphics/manip.bi</file-include><sub name="Intensify" defined-on="27" signature-hash="3041270915" signature=":[,Intensify" exported="false" /><line-count comment="22" code="62" whitespace="19" total="103" /><line-width average="38" max="223" max-on="9" /></file><file name="libext-gfx-jpg.bas" timestamp="41026.78392361111" encoding="ASCII" filesize="3219"><file-include line="24" pragma="once">ext/graphics/image.bi</file-include><file-include line="25" pragma="once">ext/graphics/jpg.bi</file-include><file-include line="26" pragma="once">jpeglib.bi</file-include><file-include line="32" pragma="once">ext/detail/common.bi</file-include><function name="load" defined-on="37" signature-hash="581965877" signature=";[,load" exported="false" /><line-count comment="22" code="41" whitespace="24" total="87" /><line-width average="35" max="223" max-on="9" /></file><file name="libext-gfx-manip.bas" timestamp="41016.74443287037" encoding="ASCII" filesize="6599"><file-include line="23" pragma="once">ext/graphics/manip.bi</file-include><file-include line="24" pragma="once">crt.bi</file-include><line-count comment="21" code="97" whitespace="43" total="161" /><line-width average="38" max="223" max-on="9" /></file><file name="libext-gfx-ofont.bas" timestamp="41016.74443287037" encoding="ASCII" filesize="9468"><file-include line="24" pragma="once">ext/graphics/font.bi</file-include><type name="ttfont_libhndl" defined-on="28" /><type name="ttfont_glyph" defined-on="37" /><function name="getFullFontFilePath" signature-hash="2483610350" declared-on="47" signature-d="declare Function getFullFontFilePath( ByRef fontname As Const String ) As String" /><function name="DeriveDesignHeightFromMaxHeight" signature-hash="2015111596" declared-on="48" signature-d="declare function DeriveDesignHeightFromMaxHeight(byval aFace as FT_Face, byval aMaxHeightInPixel as integer) as integer" /><sub name="ofontInit" defined-on="52" signature-hash="1876552617" signature=":[,ofontInit" exported="false" /><sub name="ofontDeInit" defined-on="63" signature-hash="1158714093" signature=":[,ofontDeInit" exported="false" /><function name="oFont.__ttfdraw_d" defined-on="214" signature-hash="3057312146" signature=";[,oFont.__ttfdraw_d" exported="false" /><function name="oFont.__ttfdraw_s" defined-on="261" signature-hash="1573575007" signature=";[,oFont.__ttfdraw_s" exported="false" /><line-count comment="22" code="193" whitespace="88" total="303" /><line-width average="29" max="223" max-on="10" /></file><file name="libext-gfx-primitives.bas" timestamp="41016.74443287037" encoding="ASCII" filesize="10707"><file-include line="23" pragma="once">ext/graphics/manip.bi</file-include><file-include line="24" pragma="once">ext/graphics/primitives.bi</file-include><line-count comment="21" code="266" whitespace="75" total="362" /><line-width average="25" max="225" max-on="165" /></file><file name="libext-gfx-rectcol.bas" timestamp="41016.74443287037" encoding="ASCII" filesize="2651"><file-include line="24" pragma="once">ext/detail/common.bi</file-include><file-include line="25" pragma="once">fbgfx.bi</file-include><line-count comment="21" code="26" whitespace="5" total="52" /><line-width average="48" max="223" max-on="9" /></file><file name="libext-gfx-rotate.bas" timestamp="41016.74443287037" encoding="ASCII" filesize="4373"><file-include line="23" pragma="once">ext/graphics/manip.bi</file-include><file-include line="24" pragma="once">ext/math/matrix.bi</file-include><file-include line="25" pragma="once">ext/math/vectors.bi</file-include><line-count comment="21" code="70" whitespace="20" total="111" /><line-width average="35" max="223" max-on="9" /></file><file name="libext-gfx-rotozoom.bas" timestamp="41016.74443287037" encoding="ASCII" filesize="13221"><file-include line="23" pragma="once">ext/graphics/manip.bi</file-include><file-include line="24" pragma="once">ext/math/detail/common.bi</file-include><line-count comment="21" code="291" whitespace="73" total="385" /><line-width average="30" max="251" max-on="158" /></file><file name="libext-gfx-scale2x.bas" timestamp="41016.74443287037" encoding="ASCII" filesize="6112"><file-include line="23" pragma="once">ext/graphics/manip.bi</file-include><sub name="Scale2X" defined-on="27" signature-hash="1052105305" signature=":[,Scale2X" exported="false" /><line-count comment="21" code="107" whitespace="42" total="170" /><line-width average="32" max="223" max-on="9" /></file><file name="libext-gfx-sprite.bas" timestamp="41026.7862962963" encoding="ASCII" filesize="10954"><file-include line="23" pragma="once">ext/graphics/sprite.bi</file-include><file-include line="24" pragma="once">ext/graphics/manip.bi</file-include><file-include line="25" pragma="once">ext/graphics/collision.bi</file-include><file-include line="26" pragma="once">ext/debug.bi</file-include><function name="Sprite.FromSpritesheet" defined-on="107" signature-hash="24700229" signature=";[,Sprite.FromSpritesheet" exported="false" /><function name="Sprite.GetImage" defined-on="134" signature-hash="2096187924" signature=";[,Sprite.GetImage" exported="false" /><sub name="Sprite.Position" defined-on="147" signature-hash="1534605498" signature=":[,Sprite.Position" exported="false" /><sub name="Sprite.Position" defined-on="159" signature-hash="2373884215" signature=":[,Sprite.Position" exported="false" /><sub name="Sprite.Update" defined-on="170" signature-hash="727672449" signature=":[,Sprite.Update" exported="false" /><sub name="Sprite.Update" defined-on="176" signature-hash="2449939470" signature=":[,Sprite.Update" exported="false" /><sub name="Sprite.DrawImage" defined-on="183" signature-hash="2231433144" signature=":[,Sprite.DrawImage" exported="false" /><sub name="Sprite.RotateFrom" defined-on="227" signature-hash="544469816" signature=":[,Sprite.RotateFrom" exported="false" /><sub name="Sprite.RotateFromImage" defined-on="245" signature-hash="2219971370" signature=":[,Sprite.RotateFromImage" exported="false" /><sub name="Sprite.Init" defined-on="262" signature-hash="881485478" signature=":[,Sprite.Init" exported="false" /><function name="Sprite.GetColMap" defined-on="276" signature-hash="2563787240" signature=";[,Sprite.GetColMap" exported="false" /><sub name="Sprite.ReplaceImage" defined-on="283" signature-hash="3195666820" signature=":[,Sprite.ReplaceImage" exported="false" /><sub name="Sprite.DuplicateImage" defined-on="304" signature-hash="3055693954" signature=":[,Sprite.DuplicateImage" exported="false" /><sub name="Sprite.DeleteImage" defined-on="318" signature-hash="376226408" signature=":[,Sprite.DeleteImage" exported="false" /><sub name="Sprite.SetImage" defined-on="328" signature-hash="2071483429" signature=":[,Sprite.SetImage" exported="false" /><sub name="Sprite.UpdateImage" defined-on="341" signature-hash="3962527994" signature=":[,Sprite.UpdateImage" exported="false" /><function name="Sprite.isCollided" defined-on="355" signature-hash="2033860699" signature=";[,Sprite.isCollided" exported="false" /><line-count comment="42" code="211" whitespace="149" total="402" /><line-width average="25" max="223" max-on="9" /></file><file name="libext-gfx-tga.bas" timestamp="41026.78383101852" encoding="ASCII" filesize="7616"><file-include line="24" pragma="once">ext/graphics/image.bi</file-include><file-include line="25" pragma="once">ext/graphics/tga.bi</file-include><file-include line="26" pragma="once">ext/graphics/manip.bi</file-include><file-include line="27" pragma="once">ext/file/file.bi</file-include><function name="rldecode" signature-hash="4100558088" declared-on="51" signature-d="declare function rldecode( byval db as ubyte ptr, byval buflen as const uinteger, byval w as integer, byval h as integer, byval bpp as integer ) as ubyte ptr" /><sub name="idataToImg" signature-hash="2074867499" declared-on="52" signature-d="declare sub idataToImg( byval data_buf as ubyte ptr, byval img as fb.image ptr, byval bpp as integer )" defined-on="176" signature=":[,idataToImg" exported="false" /><function name="load_mem" defined-on="83" signature-hash="1689267890" signature=";[,load_mem" exported="false" /><function name="rldecode" defined-on="129" signature-hash="3413100182" signature=";[,rldecode" exported="false" /><line-count comment="23" code="138" whitespace="49" total="210" /><line-width average="34" max="221" max-on="9" /></file><file name="libext-graphics-loader.bas" timestamp="41026.77914351852" encoding="ASCII" filesize="1580"><file-include line="2" pragma="once">ext/containers/hashtable.bi</file-include><file-include line="3" pragma="once">ext/graphics/detail/common.bi</file-include><file-include line="6" pragma="once">ext/graphics/image.bi</file-include><function name="getDriver" defined-on="35" signature-hash="54181015" signature=";[,getDriver" exported="false" /><sub name="destroy__driver_ht_" defined-on="58" signature-hash="600402309" signature=":[,destroy__driver_ht_" exported="false" /><line-count comment="0" code="43" whitespace="24" total="67" /><line-width average="21" max="102" max-on="35" /></file></directory><directory name="hash"><file name="libext-hash-adler32.bas" timestamp="41016.74444444444" encoding="ASCII" filesize="2307"><file-include line="23" pragma="once">ext/hash/adler32.bi</file-include><line-count comment="21" code="29" whitespace="4" total="54" /><line-width average="40" max="223" max-on="9" /></file><file name="libext-hash-crc32.bas" timestamp="41016.74444444444" encoding="ASCII" filesize="5513"><file-include line="23" pragma="once">ext/hash/crc32.bi</file-include><function name="crc32" defined-on="27" signature-hash="732652173" signature=";[,crc32" exported="false" /><function name="crc32" defined-on="92" signature-hash="1911548968" signature=";[,crc32" exported="false" /><line-count comment="21" code="65" whitespace="12" total="98" /><line-width average="54" max="223" max-on="9" /></file><file name="libext-hash-joaat.bas" timestamp="41016.74444444444" encoding="ASCII" filesize="3274"><file-include line="23" pragma="once">ext/detail/common.bi</file-include><file-include line="24" pragma="once">ext/math/detail/common.bi</file-include><file-include line="25" pragma="once">ext/hash/joaat.bi</file-include><line-count comment="21" code="66" whitespace="15" total="102" /><line-width average="30" max="223" max-on="9" /></file><file name="libext-hash-md5.bas" timestamp="41016.74444444444" encoding="ASCII" filesize="11297"><file-include line="30">ext/hash/md5.bi</file-include><file-include line="31">ext/algorithms/detail/common.bi</file-include><file-include line="32">ext/error.bi</file-include><function name="checksum" defined-on="102" signature-hash="4032928522" signature=";[,checksum" exported="false" /><function name="checksum" defined-on="115" signature-hash="264806438" signature=";[,checksum" exported="false" /><function name="checksum" defined-on="169" signature-hash="2369062517" signature=";[,checksum" exported="false" /><sub name="init" defined-on="336" signature-hash="1412240471" signature=":[,init" exported="false" /><sub name="append" defined-on="348" signature-hash="2790182056" signature=":[,append" exported="false" /><function name="finish" defined-on="388" signature-hash="2644827879" signature=";[,finish" exported="false" /><line-count comment="30" code="302" whitespace="99" total="431" /><line-width average="24" max="223" max-on="9" /></file><file name="libext-hash-sha2.bas" timestamp="41016.74444444444" encoding="ASCII" filesize="31206"><file-include line="25" pragma="once">ext/memory.bi</file-include><file-include line="26" pragma="once">ext/hash/sha2.bi</file-include><file-include line="27" pragma="once">ext/error.bi</file-include><file-include line="28" pragma="once">ext/math/detail/common.bi</file-include><function name="checksum" defined-on="33" signature-hash="683189941" signature=";[,checksum" exported="false" /><function name="checksum" defined-on="118" signature-hash="3188804570" signature=";[,checksum" exported="false" /><function name="checksum" defined-on="253" signature-hash="3057446599" signature=";[,checksum" exported="false" /><sub name="sha256_init" defined-on="589" signature-hash="2460353351" signature=":[,sha256_init" exported="false" /><sub name="sha256_update" defined-on="601" signature-hash="2439550141" signature=":[,sha256_update" exported="false" /><sub name="sha256_final" defined-on="633" signature-hash="4210741641" signature=":[,sha256_final" exported="false" /><sub name="sha512_transf" defined-on="659" signature-hash="3671663880" signature=":[,sha512_transf" exported="false" /><sub name="sha512_init" defined-on="719" signature-hash="1529336328" signature=":[,sha512_init" exported="false" /><sub name="sha512_update" defined-on="731" signature-hash="827263541" signature=":[,sha512_update" exported="false" /><sub name="sha512_final" defined-on="762" signature-hash="3155414149" signature=":[,sha512_final" exported="false" /><sub name="sha384_init" defined-on="789" signature-hash="2092088068" signature=":[,sha384_init" exported="false" /><sub name="sha384_update" defined-on="801" signature-hash="3523924408" signature=":[,sha384_update" exported="false" /><sub name="sha384_final" defined-on="832" signature-hash="2896934135" signature=":[,sha384_final" exported="false" /><sub name="sha224_init" defined-on="856" signature-hash="1922795098" signature=":[,sha224_init" exported="false" /><sub name="sha224_update" defined-on="867" signature-hash="3699194699" signature=":[,sha224_update" exported="false" /><sub name="sha224_final" defined-on="899" signature-hash="2881751740" signature=":[,sha224_final" exported="false" /><line-count comment="24" code="677" whitespace="225" total="926" /><line-width average="31" max="223" max-on="10" /></file></directory><directory name="math"><file name="libext-math-factorial.bas" timestamp="41016.74444444444" encoding="ASCII" filesize="1996"><file-include line="23">ext/math/factorial.bi</file-include><line-count comment="21" code="22" whitespace="4" total="47" /><line-width average="40" max="223" max-on="9" /></file><file name="libext-math-matrix.bas" timestamp="41021.01243055556" encoding="ASCII" filesize="18685"><file-include line="24" pragma="once">ext/math/matrix.bi</file-include><file-include line="25" pragma="once">crt/string.bi</file-include><line-count comment="21" code="473" whitespace="128" total="622" /><line-width average="28" max="223" max-on="9" /></file><file name="libext-math-ncr.bas" timestamp="41016.74444444444" encoding="ASCII" filesize="2011"><file-include line="23">ext/math/ncr.bi</file-include><line-count comment="21" code="20" whitespace="4" total="45" /><line-width average="42" max="223" max-on="9" /></file><file name="libext-math-npr.bas" timestamp="41016.74444444444" encoding="ASCII" filesize="1935"><file-include line="23">ext/math/npr.bi</file-include><line-count comment="21" code="16" whitespace="4" total="41" /><line-width average="45" max="223" max-on="9" /></file><file name="libext-math-random.bas" timestamp="41016.74444444444" encoding="ASCII" filesize="2119"><file-include line="23" pragma="once">ext/math/random.bi</file-include><function name="RndRange" defined-on="27" signature-hash="2661044955" signature=";[,RndRange" exported="false" /><function name="RndRange" defined-on="39" signature-hash="2090233398" signature=";[,RndRange" exported="false" /><line-count comment="21" code="13" whitespace="9" total="43" /><line-width average="47" max="223" max-on="9" /></file><file name="libext-math-shift64.bas" timestamp="41016.74444444444" encoding="ASCII" filesize="2224"><function name="shl64" defined-on="23" signature-hash="841667056" signature=";[,shl64" exported="false" /><function name="shr64" defined-on="35" signature-hash="962179773" signature=";[,shr64" exported="false" /><line-count comment="21" code="22" whitespace="2" total="45" /><line-width average="47" max="223" max-on="9" /></file><file name="libext-math-vector2d.bas" timestamp="41016.74444444444" encoding="ASCII" filesize="4579"><file-include line="24" pragma="once">ext/math/vectors.bi</file-include><function name="vector2d.dot" defined-on="49" signature-hash="2956901478" signature=";[,vector2d.dot" exported="false" /><function name="vector2d.magnitude" defined-on="53" signature-hash="1969971042" signature=";[,vector2d.magnitude" exported="false" /><sub name="vector2d.normalize()" defined-on="60" signature-hash="3667600859" signature=":[,vector2d.normalize()" exported="false" /><function name="vector2d.cross" defined-on="64" signature-hash="955746835" signature=";[,vector2d.cross" exported="false" /><function name="vector2d.distance" defined-on="73" signature-hash="1495763745" signature=";[,vector2d.distance" exported="false" /><function name="vector2d.AngleBetween" defined-on="77" signature-hash="2337010835" signature=";[,vector2d.AngleBetween" exported="false" /><line-count comment="22" code="78" whitespace="39" total="139" /><line-width average="30" max="223" max-on="10" /></file><file name="libext-math-vector3d.bas" timestamp="41020.99521990741" encoding="ASCII" filesize="5600"><file-include line="23" pragma="once">ext/math/vectors.bi</file-include><file-include line="24" pragma="once">ext/math/matrix.bi</file-include><function name="vector3d.dot" defined-on="52" signature-hash="2188758871" signature=";[,vector3d.dot" exported="false" /><function name="vector3d.magnitude" defined-on="56" signature-hash="3504394092" signature=";[,vector3d.magnitude" exported="false" /><sub name="vector3d.normalize()" defined-on="63" signature-hash="1200932013" signature=":[,vector3d.normalize()" exported="false" /><function name="vector3d.cross" defined-on="67" signature-hash="3365395512" signature=";[,vector3d.cross" exported="false" /><function name="vector3d.distance" defined-on="71" signature-hash="3992998453" signature=";[,vector3d.distance" exported="false" /><function name="vector3d.AngleBetween" defined-on="75" signature-hash="737540409" signature=";[,vector3d.AngleBetween" exported="false" /><line-count comment="24" code="95" whitespace="54" total="173" /><line-width average="30" max="223" max-on="9" /></file><file name="libext-math-vector4d.bas" timestamp="41021.04521990741" encoding="ASCII" filesize="5003"><file-include line="23" pragma="once">ext/math/vectors.bi</file-include><file-include line="24" pragma="once">ext/math/matrix.bi</file-include><function name="vector4d.dot" defined-on="56" signature-hash="495294144" signature=";[,vector4d.dot" exported="false" /><function name="vector4d.magnitude" defined-on="60" signature-hash="514864068" signature=";[,vector4d.magnitude" exported="false" /><sub name="vector4d.normalize()" defined-on="67" signature-hash="576286317" signature=":[,vector4d.normalize()" exported="false" /><function name="vector4d.cross" defined-on="71" signature-hash="1948611626" signature=";[,vector4d.cross" exported="false" /><function name="vector4d.distance" defined-on="75" signature-hash="1561678299" signature=";[,vector4d.distance" exported="false" /><line-count comment="24" code="76" whitespace="37" total="137" /><line-width average="34" max="223" max-on="9" /></file></directory><directory name="memory"><file name="libext-memory-allocate.bas" timestamp="41016.74444444444" encoding="ASCII" filesize="2265"><file-include line="24" pragma="once">ext/memory/allocate.bi</file-include><function name="function callocateAligned _" defined-on="28" signature-hash="1671067829" signature=";[,function callocateAligned _" exported="false" /><line-count comment="22" code="24" whitespace="9" total="55" /><line-width average="39" max="221" max-on="10" /></file></directory><directory name="misc"><file name="libext-misc.bas" timestamp="41020.93" encoding="ASCII" filesize="5062"><file-include line="24" pragma="once">ext/misc.bi</file-include><function name="UUID.isNull" defined-on="28" signature-hash="3714238751" signature=";[,UUID.isNull" exported="false" /><sub name="UUID.randomize()" defined-on="98" signature-hash="2992885070" signature=":[,UUID.randomize()" exported="false" /><sub name="UUID.clear()" defined-on="116" signature-hash="2077368138" signature=":[,UUID.clear()" exported="false" /><line-count comment="22" code="118" whitespace="49" total="189" /><line-width average="24" max="223" max-on="10" /></file></directory><directory name="net"><file name="libext-net-socket-core.bas" timestamp="41017.56553240741" encoding="ASCII" filesize="5936"><file-include line="24" pragma="once">ext/net/socket.bi</file-include><file-include line="25" pragma="once">libext-net-system.bi</file-include><line-count comment="22" code="139" whitespace="69" total="230" /><line-width average="23" max="223" max-on="10" /></file><file name="libext-net-socket-get-thread.bas" timestamp="41017.56643518519" encoding="ASCII" filesize="5243"><file-include line="24" pragma="once">ext/net/socket.bi</file-include><file-include line="25" pragma="once">libext-net-system.bi</file-include><line-count comment="22" code="82" whitespace="36" total="140" /><line-width average="35" max="223" max-on="10" /></file><file name="libext-net-socket-get-types.bas" timestamp="41017.56667824074" encoding="ASCII" filesize="4900"><file-include line="24" pragma="once">ext/net/socket.bi</file-include><file-include line="25" pragma="once">libext-net-system.bi</file-include><function name="function socket.get _" defined-on="28" signature-hash="3168158581" signature=";[,function socket.get _" exported="false" /><line-count comment="22" code="92" whitespace="22" total="136" /><line-width average="34" max="223" max-on="10" /></file><file name="libext-net-socket-get.bas" timestamp="41017.56606481481" encoding="ASCII" filesize="5859"><file-include line="24" pragma="once">ext/net/socket.bi</file-include><file-include line="25" pragma="once">libext-net-system.bi</file-include><line-count comment="22" code="115" whitespace="57" total="194" /><line-width average="28" max="223" max-on="10" /></file><file name="libext-net-socket-put-thread.bas" timestamp="41017.56775462963" encoding="ASCII" filesize="6215"><file-include line="24" pragma="once">ext/net/socket.bi</file-include><file-include line="25" pragma="once">libext-net-system.bi</file-include><line-count comment="22" code="105" whitespace="56" total="183" /><line-width average="31" max="223" max-on="10" /></file><file name="libext-net-socket-put-types.bas" timestamp="41017.59708333333" encoding="ASCII" filesize="3437"><file-include line="24" pragma="once">ext/net/socket.bi</file-include><file-include line="25" pragma="once">libext-net-system.bi</file-include><function name="function socket.put _" defined-on="28" signature-hash="1041194872" signature=";[,function socket.put _" exported="false" /><line-count comment="22" code="50" whitespace="17" total="89" /><line-width average="36" max="223" max-on="10" /></file><file name="libext-net-socket-put.bas" timestamp="41017.64883101852" encoding="ASCII" filesize="6184"><file-include line="24" pragma="once">ext/net/socket.bi</file-include><file-include line="25" pragma="once">libext-net-system.bi</file-include><function name="function socket.putdata _" defined-on="29" signature-hash="3877015296" signature=";[,function socket.putdata _" exported="false" /><function name="function socket.putline _" defined-on="62" signature-hash="60316043" signature=";[,function socket.putline _" exported="false" /><function name="function socket.putstring _" defined-on="77" signature-hash="2794240830" signature=";[,function socket.putstring _" exported="false" /><function name="function socket.puthttprequest _" defined-on="92" signature-hash="1548129725" signature=";[,function socket.puthttprequest _" exported="false" /><line-count comment="22" code="124" whitespace="55" total="201" /><line-width average="28" max="223" max-on="10" /></file><file name="libext-net-socket-TCP.bas" timestamp="41017.57034722222" encoding="ASCII" filesize="3528"><file-include line="24" pragma="once">ext/net/socket.bi</file-include><file-include line="25" pragma="once">libext-net-system.bi</file-include><line-count comment="22" code="53" whitespace="14" total="89" /><line-width average="37" max="223" max-on="10" /></file><file name="libext-net-socket-UDP.bas" timestamp="41017.57048611111" encoding="ASCII" filesize="4232"><file-include line="24" pragma="once">ext/net/socket.bi</file-include><file-include line="25" pragma="once">libext-net-system.bi</file-include><line-count comment="22" code="80" whitespace="29" total="131" /><line-width average="30" max="223" max-on="10" /></file><file name="libext-net-system-lock.bas" timestamp="41017.56728009259" encoding="ASCII" filesize="2036"><file-include line="24" pragma="once">ext/net/socket.bi</file-include><file-include line="25" pragma="once">libext-net-system.bi</file-include><line-count comment="22" code="11" whitespace="5" total="38" /><line-width average="51" max="223" max-on="10" /></file><file name="libext-net-system-TCP.bas" timestamp="41016.93262731482" encoding="ASCII" filesize="5010"><file-include line="24" pragma="once">ext/net/socket.bi</file-include><file-include line="25" pragma="once">libext-net-system.bi</file-include><line-count comment="22" code="97" whitespace="29" total="148" /><line-width average="31" max="223" max-on="10" /></file><file name="libext-net-system-UDP.bas" timestamp="41016.88962962963" encoding="ASCII" filesize="3562"><file-include line="24" pragma="once">ext/net/socket.bi</file-include><file-include line="25" pragma="once">libext-net-system.bi</file-include><line-count comment="22" code="54" whitespace="19" total="95" /><line-width average="35" max="223" max-on="10" /></file><file name="libext-net-system.bas" timestamp="41017.64892361111" encoding="ASCII" filesize="6761"><file-include line="24" pragma="once">ext/net/socket.bi</file-include><file-include line="25" pragma="once">libext-net-system.bi</file-include><function name="base_HTTP_path" defined-on="43" signature-hash="3561151495" signature=";[,base_HTTP_path" exported="false" /><function name="function translate_error _" defined-on="53" signature-hash="464494533" signature=";[,function translate_error _" exported="false" /><function name="function resolve _" defined-on="76" signature-hash="2842806120" signature=";[,function resolve _" exported="false" /><function name="function client_core _" defined-on="127" signature-hash="3557590590" signature=";[,function client_core _" exported="false" /><function name="function server_core _" defined-on="160" signature-hash="4174836811" signature=";[,function server_core _" exported="false" /><function name="function close _" defined-on="192" signature-hash="2811956803" signature=";[,function close _" exported="false" /><function name="function is_readable _" defined-on="205" signature-hash="2357632119" signature=";[,function is_readable _" exported="false" /><function name="new_sockaddr" defined-on="225" signature-hash="3886378694" signature=";[,new_sockaddr" exported="false" /><function name="new_sockaddr" defined-on="229" signature-hash="4031102022" signature=";[,new_sockaddr" exported="false" /><line-count comment="23" code="170" whitespace="45" total="238" /><line-width average="26" max="223" max-on="10" /></file><file name="libext-net-tcp-http-helpers.bas" timestamp="41338.97443287037" encoding="ASCII" filesize="9441"><file-include line="25" pragma="once">ext/net/http.bi</file-include><file-include line="26" pragma="once">ext/file/file.bi</file-include><function name="readHTTPheaders" defined-on="117" signature-hash="4057967502" signature=";[,readHTTPheaders" exported="false" /><sub name="sendHTTPheaders" defined-on="160" signature-hash="3041075388" signature=":[,sendHTTPheaders" exported="false" /><function name="getRemoteFiletoMemory" defined-on="221" signature-hash="3318549966" signature=";[,getRemoteFiletoMemory" exported="false" /><function name="getRemoteFileToDisk" defined-on="285" signature-hash="404494575" signature=";[,getRemoteFileToDisk" exported="false" /><line-count comment="23" code="223" whitespace="64" total="310" /><line-width average="28" max="223" max-on="10" /></file><file name="libext-net-tcpsocket-core.bas" timestamp="41023.55980324074" encoding="ASCII" filesize="3296"><file-include line="24" pragma="once">ext/net/tcp.bi</file-include><function name="TCPSocket.close" defined-on="40" signature-hash="2517125384" signature=";[,TCPSocket.close" exported="false" /><function name="TCPSocket.isClosed" defined-on="44" signature-hash="988010704" signature=";[,TCPSocket.isClosed" exported="false" /><function name="TCPSocket.length" defined-on="48" signature-hash="2343405437" signature=";[,TCPSocket.length" exported="false" /><function name="TCPSocket.dumpData" defined-on="52" signature-hash="328734064" signature=";[,TCPSocket.dumpData" exported="false" /><function name="function TCPSocket.listenToNew _" defined-on="56" signature-hash="1589064031" signature=";[,function TCPSocket.listenToNew _" exported="false" /><function name="function TCPSocket.server _" defined-on="65" signature-hash="483853242" signature=";[,function TCPSocket.server _" exported="false" /><function name="function TCPSocket.client _" defined-on="83" signature-hash="1747555323" signature=";[,function TCPSocket.client _" exported="false" /><line-count comment="22" code="52" whitespace="18" total="92" /><line-width average="33" max="223" max-on="10" /></file><file name="libext-net-tcpsocket-types.bas" timestamp="41023.56105324074" encoding="ASCII" filesize="3026"><file-include line="24" pragma="once">ext/net/tcp.bi</file-include><function name="TCPSocket.getLine" defined-on="28" signature-hash="3945067720" signature=";[,TCPSocket.getLine" exported="false" /><function name="TCPSocket.getUntil" defined-on="32" signature-hash="1799664413" signature=";[,TCPSocket.getUntil" exported="false" /><function name="TCPSocket.putString" defined-on="36" signature-hash="1490749895" signature=";[,TCPSocket.putString" exported="false" /><function name="TCPSocket.putLine" defined-on="40" signature-hash="3833249222" signature=";[,TCPSocket.putLine" exported="false" /><function name="function TCPsocket.get _" defined-on="46" signature-hash="2115951631" signature=";[,function TCPsocket.get _" exported="false" /><function name="function TCPsocket.put _" defined-on="61" signature-hash="4240949250" signature=";[,function TCPsocket.put _" exported="false" /><line-count comment="22" code="42" whitespace="14" total="78" /><line-width average="36" max="223" max-on="10" /></file><file name="libext-net-udpsocket-core.bas" timestamp="41023.57491898148" encoding="ASCII" filesize="3287"><file-include line="24" pragma="once">ext/net/udp.bi</file-include><function name="udpSocket.close" defined-on="40" signature-hash="844622567" signature=";[,udpSocket.close" exported="false" /><function name="udpSocket.isClosed" defined-on="44" signature-hash="3917701963" signature=";[,udpSocket.isClosed" exported="false" /><function name="udpSocket.length" defined-on="48" signature-hash="1168862664" signature=";[,udpSocket.length" exported="false" /><function name="udpSocket.dumpData" defined-on="52" signature-hash="3946303446" signature=";[,udpSocket.dumpData" exported="false" /><function name="function udpSocket.listenToNew _" defined-on="56" signature-hash="2686313931" signature=";[,function udpSocket.listenToNew _" exported="false" /><function name="function udpSocket.server _" defined-on="65" signature-hash="3541551376" signature=";[,function udpSocket.server _" exported="false" /><function name="function udpSocket.client _" defined-on="83" signature-hash="2817087825" signature=";[,function udpSocket.client _" exported="false" /><line-count comment="22" code="52" whitespace="18" total="92" /><line-width average="33" max="223" max-on="10" /></file><file name="libext-net-udpsocket-types.bas" timestamp="41023.57207175926" encoding="ASCII" filesize="3026"><file-include line="24" pragma="once">ext/net/udp.bi</file-include><function name="udpSocket.getLine" defined-on="28" signature-hash="2351619775" signature=";[,udpSocket.getLine" exported="false" /><function name="udpSocket.getUntil" defined-on="32" signature-hash="3382381869" signature=";[,udpSocket.getUntil" exported="false" /><function name="udpSocket.putString" defined-on="36" signature-hash="2692010849" signature=";[,udpSocket.putString" exported="false" /><function name="udpSocket.putLine" defined-on="40" signature-hash="1202975539" signature=";[,udpSocket.putLine" exported="false" /><function name="function udpsocket.get _" defined-on="46" signature-hash="2720574759" signature=";[,function udpsocket.get _" exported="false" /><function name="function udpsocket.put _" defined-on="61" signature-hash="552710442" signature=";[,function udpsocket.put _" exported="false" /><line-count comment="22" code="42" whitespace="14" total="78" /><line-width average="36" max="223" max-on="10" /></file><file name="libext-net-system.bi" timestamp="41017.57076388889" encoding="ASCII" filesize="2951"><file-include line="1" pragma="once">ext/net/socket.bi</file-include><function name="translate_error _" signature-hash="464494533" declared-on="15" signature-d="    declare function translate_error _" /><function name="TCP_client overload _" signature-hash="2266463647" declared-on="20" signature-d="    declare function TCP_client overload _" /><function name="TCP_client overload _" signature-hash="2266463647" declared-on="28" signature-d="    declare function TCP_client overload _" /><function name="client_core _" signature-hash="3557590590" declared-on="36" signature-d="    declare function client_core _" /><function name="TCP_server _" signature-hash="606877394" declared-on="46" signature-d="    declare function TCP_server _" /><function name="TCP_server_accept _" signature-hash="3562292707" declared-on="54" signature-d="    declare function TCP_server_accept _" /><function name="server_core _" signature-hash="4174836811" declared-on="62" signature-d="    declare function server_core _" /><function name="UDP_server _" signature-hash="2528276286" declared-on="71" signature-d="    declare function UDP_server _" /><function name="UDP_client overload _" signature-hash="4186527890" declared-on="79" signature-d="    declare function UDP_client overload _" /><function name="UDP_client _" signature-hash="3796696959" declared-on="84" signature-d="    declare function UDP_client _" /><function name="UDP_client _" signature-hash="3796696959" declared-on="92" signature-d="    declare function UDP_client _" /><function name="is_readable _" signature-hash="2357632119" declared-on="100" signature-d="    declare function is_readable _" /><function name="close _" signature-hash="2811956803" declared-on="105" signature-d="    declare function close _" /><function name="new_sockaddr" signature-hash="3886378694" declared-on="110" signature-d="    declare function new_sockaddr overload( byval serv as integer, byval port as short ) as socket_info ptr" /><function name="new_sockaddr" signature-hash="4031102022" declared-on="111" signature-d="    declare function new_sockaddr( byref serv as string, byval port as short ) as socket_info ptr" /><function name="base_HTTP_path" signature-hash="3561151495" declared-on="113" signature-d="    declare function base_HTTP_path( byref thing as string ) as string" /><line-count comment="0" code="97" whitespace="22" total="119" /><line-width average="22" max="107" max-on="110" /></file></directory><directory name="options"><file name="libext-options-option.bas" timestamp="41016.74444444444" encoding="ASCII" filesize="2775"><file-include line="24" pragma="once">ext/options.bi</file-include><line-count comment="22" code="38" whitespace="12" total="72" /><line-width average="36" max="223" max-on="9" /></file><file name="libext-options-parser.bas" timestamp="41164.11850694445" encoding="ASCII" filesize="8129"><file-include line="23" pragma="once">ext/options.bi</file-include><sub name="Parser.addnode" defined-on="39" signature-hash="2682611429" signature=":[,Parser.addnode" exported="false" /><function name="Parser.addOption" defined-on="67" signature-hash="400223709" signature=";[,Parser.addOption" exported="false" /><function name="Parser.addBool" defined-on="75" signature-hash="1031729561" signature=";[,Parser.addBool" exported="false" /><function name="Parser.addOption" defined-on="85" signature-hash="4202832911" signature=";[,Parser.addOption" exported="false" /><sub name="Parser.parse" defined-on="98" signature-hash="4287227684" signature=":[,Parser.parse" exported="false" /><function name="Parser.hasError" defined-on="191" signature-hash="2259184886" signature=";[,Parser.hasError" exported="false" /><function name="Parser.getError" defined-on="197" signature-hash="1615331438" signature=";[,Parser.getError" exported="false" /><function name="Parser.isSet" defined-on="203" signature-hash="3271611225" signature=";[,Parser.isSet" exported="false" /><function name="Parser.getArg" defined-on="227" signature-hash="2051357207" signature=";[,Parser.getArg" exported="false" /><sub name="Parser.setHelpHeader" defined-on="246" signature-hash="2829959507" signature=":[,Parser.setHelpHeader" exported="false" /><sub name="Parser.setHelpFooter" defined-on="250" signature-hash="2930683105" signature=":[,Parser.setHelpFooter" exported="false" /><sub name="Parser.showHelp()" defined-on="254" signature-hash="2572772075" signature=":[,Parser.showHelp()" exported="false" /><function name="Parser.getRemainder" defined-on="278" signature-hash="1773242637" signature=";[,Parser.getRemainder" exported="false" /><line-count comment="24" code="186" whitespace="84" total="294" /><line-width average="25" max="223" max-on="9" /></file></directory><directory name="php"><file name="libext-php-addcslashes.bas" timestamp="41016.74444444444" encoding="ASCII" filesize="915"><file-include line="1" pragma="once">ext/php.bi</file-include><line-count comment="0" code="24" whitespace="8" total="32" /><line-width average="25" max="94" max-on="6" /></file><file name="libext-php-addslashes.bas" timestamp="41016.74444444444" encoding="ASCII" filesize="281"><file-include line="1" pragma="once">ext/php.bi</file-include><line-count comment="0" code="8" whitespace="5" total="13" /><line-width average="19" max="64" max-on="6" /></file><file name="libext-php-bin2hex.bas" timestamp="41016.74444444444" encoding="ASCII" filesize="647"><file-include line="1" pragma="once">ext/php.bi</file-include><line-count comment="0" code="17" whitespace="11" total="28" /><line-width average="18" max="61" max-on="6" /></file><file name="libext-php-chunk_split.bas" timestamp="41016.74444444444" encoding="ASCII" filesize="1346"><file-include line="1" pragma="once">ext/php.bi</file-include><file-include line="2" pragma="once">crt/string.bi</file-include><line-count comment="0" code="31" whitespace="14" total="45" /><line-width average="26" max="120" max-on="8" /></file><file name="libext-php-count_chars.bas" timestamp="41016.74444444444" encoding="ASCII" filesize="2650"><file-include line="1" pragma="once">ext/php.bi</file-include><line-count comment="0" code="75" whitespace="22" total="97" /><line-width average="23" max="131" max-on="42" /></file><file name="libext-php-implode.bas" timestamp="41016.74444444444" encoding="ASCII" filesize="1679"><file-include line="1" pragma="once">ext/php.bi</file-include><file-include line="2" pragma="once">crt/string.bi</file-include><line-count comment="0" code="43" whitespace="17" total="60" /><line-width average="24" max="88" max-on="8" /></file><file name="libext-php-strrchr.bas" timestamp="41016.74444444444" encoding="ASCII" filesize="1123"><file-include line="1" pragma="once">ext/php.bi</file-include><file-include line="2" pragma="once">crt/string.bi</file-include><line-count comment="0" code="33" whitespace="12" total="45" /><line-width average="21" max="89" max-on="7" /></file></directory><directory name="strings"><directory name="detail"><file name="strings.bi" timestamp="41016.74444444444" encoding="ASCII" filesize="2134"><file-include line="23" pragma="once">ext/misc.bi</file-include><line-count comment="21" code="19" whitespace="4" total="44" /><line-width average="46" max="223" max-on="9" /></file></directory><file name="libext-strings-explode.bas" timestamp="41016.74444444444" encoding="ASCII" filesize="2967"><file-include line="23" pragma="once">ext/strings.bi</file-include><line-count comment="21" code="34" whitespace="21" total="76" /><line-width average="34" max="223" max-on="9" /></file><file name="libext-strings-insertinto.bas" timestamp="41016.74444444444" encoding="ASCII" filesize="2349"><file-include line="23" pragma="once">crt/string.bi</file-include><function name="InsertInto" defined-on="27" signature-hash="595933387" signature=";[,InsertInto" exported="false" /><line-count comment="21" code="23" whitespace="8" total="52" /><line-width average="43" max="223" max-on="9" /></file><file name="libext-strings-join.bas" timestamp="41016.74444444444" encoding="ASCII" filesize="2371"><file-include line="23" pragma="once">ext/strings.bi</file-include><file-include line="24" pragma="once">crt/string.bi</file-include><line-count comment="21" code="25" whitespace="12" total="58" /><line-width average="38" max="223" max-on="9" /></file><file name="libext-strings-leven.bas" timestamp="41016.74444444444" encoding="ASCII" filesize="2886"><file-include line="23" pragma="once">ext/strings/strmisc.bi</file-include><function name="lev_minimum" signature-hash="709167413" declared-on="27" signature-d="declare function lev_minimum( byval a as integer, byval b as integer, byval c as integer ) as integer" /><function name="LevenshteinDistance" defined-on="29" signature-hash="2247323495" signature=";[,LevenshteinDistance" exported="false" /><line-count comment="21" code="50" whitespace="28" total="99" /><line-width average="27" max="223" max-on="9" /></file><file name="libext-strings-pos.bas" timestamp="41016.74444444444" encoding="ASCII" filesize="2651"><file-include line="23" pragma="once">ext/strings.bi</file-include><file-include line="24" pragma="once">detail/strings.bi</file-include><line-count comment="21" code="39" whitespace="4" total="64" /><line-width average="39" max="223" max-on="9" /></file><file name="libext-strings-repeat.bas" timestamp="41016.74444444444" encoding="ASCII" filesize="2347"><file-include line="23" pragma="once">ext/strings.bi</file-include><file-include line="24" pragma="once">crt/string.bi</file-include><line-count comment="21" code="35" whitespace="4" total="60" /><line-width average="37" max="223" max-on="9" /></file><file name="libext-strings-replace.bas" timestamp="41016.74444444444" encoding="ASCII" filesize="3864"><file-include line="24" pragma="once">ext/strings/strmanip.bi</file-include><file-include line="25" pragma="once">ext/misc.bi</file-include><file-include line="26" pragma="once">crt/string.bi</file-include><line-count comment="22" code="56" whitespace="24" total="102" /><line-width average="35" max="223" max-on="10" /></file><file name="libext-strings-replace_copy.bas" timestamp="41016.74444444444" encoding="ASCII" filesize="3486"><file-include line="23" pragma="once">ext/strings.bi</file-include><line-count comment="21" code="42" whitespace="24" total="87" /><line-width average="38" max="223" max-on="9" /></file><file name="libext-strings-reverse.bas" timestamp="41016.74444444444" encoding="ASCII" filesize="1999"><file-include line="23" pragma="once">ext/strings.bi</file-include><line-count comment="21" code="20" whitespace="4" total="45" /><line-width average="42" max="223" max-on="9" /></file><file name="libext-strings-reverse_copy.bas" timestamp="41016.74444444444" encoding="ASCII" filesize="2380"><file-include line="23" pragma="once">ext/strings.bi</file-include><line-count comment="21" code="23" whitespace="13" total="57" /><line-width average="39" max="223" max-on="9" /></file><file name="libext-strings-rot13.bas" timestamp="41016.74444444444" encoding="ASCII" filesize="2440"><file-include line="24" pragma="once">ext/strings.bi</file-include><line-count comment="22" code="27" whitespace="15" total="64" /><line-width average="36" max="223" max-on="10" /></file><file name="libext-strings-shuffle.bas" timestamp="41016.74444444444" encoding="ASCII" filesize="1892"><file-include line="23" pragma="once">ext/strings.bi</file-include><file-include line="24" pragma="once">ext/math/random.bi</file-include><line-count comment="21" code="12" whitespace="4" total="37" /><line-width average="49" max="223" max-on="9" /></file><file name="libext-strings-shuffle_copy.bas" timestamp="41016.74444444444" encoding="ASCII" filesize="1855"><file-include line="23" pragma="once">ext/strings.bi</file-include><line-count comment="21" code="11" whitespace="4" total="36" /><line-width average="49" max="223" max-on="9" /></file><file name="libext-strings-split.bas" timestamp="41016.74444444444" encoding="ASCII" filesize="3473"><file-include line="23" pragma="once">ext/strings.bi</file-include><file-include line="24" pragma="once">crt/string.bi</file-include><line-count comment="21" code="77" whitespace="5" total="103" /><line-width average="31" max="223" max-on="9" /></file><file name="libext-strings-substr.bas" timestamp="41016.74444444444" encoding="ASCII" filesize="3617"><file-include line="24" pragma="once">ext/strings.bi</file-include><file-include line="25" pragma="once">detail/strings.bi</file-include><file-include line="26" pragma="once">crt.bi</file-include><line-count comment="22" code="65" whitespace="21" total="108" /><line-width average="31" max="223" max-on="10" /></file><file name="libext-strings-substr_compare.bas" timestamp="41016.74444444444" encoding="ASCII" filesize="2617"><file-include line="23" pragma="once">ext/strings.bi</file-include><file-include line="24" pragma="once">detail/strings.bi</file-include><file-include line="25" pragma="once">crt/string.bi</file-include><line-count comment="21" code="32" whitespace="4" total="57" /><line-width average="43" max="223" max-on="9" /></file><file name="libext-strings-substr_count.bas" timestamp="41016.74444444444" encoding="ASCII" filesize="2733"><file-include line="23" pragma="once">ext/strings.bi</file-include><file-include line="24" pragma="once">detail/strings.bi</file-include><line-count comment="21" code="35" whitespace="4" total="60" /><line-width average="43" max="223" max-on="9" /></file><file name="libext-strings-substr_replace.bas" timestamp="41016.74444444444" encoding="ASCII" filesize="2974"><file-include line="23" pragma="once">ext/strings.bi</file-include><file-include line="24" pragma="once">detail/strings.bi</file-include><file-include line="25" pragma="once">crt/string.bi</file-include><line-count comment="21" code="49" whitespace="4" total="74" /><line-width average="38" max="223" max-on="9" /></file><file name="libext-strings-ucwords.bas" timestamp="41016.74444444444" encoding="ASCII" filesize="2349"><file-include line="23" pragma="once">ext/strings.bi</file-include><line-count comment="21" code="28" whitespace="11" total="60" /><line-width average="37" max="223" max-on="9" /></file></directory><directory name="testly"><file name="testly_case.bas" timestamp="41016.74444444444" encoding="ASCII" filesize="569"><file-include line="8" pragma="once">testly_case.bi</file-include><line-count comment="6" code="11" whitespace="3" total="20" /><line-width average="26" max="95" max-on="14" /></file><file name="testly_common.bas" timestamp="41016.74444444444" encoding="ASCII" filesize="6421"><file-include line="8" pragma="once">testly_common.bi</file-include><line-count comment="6" code="147" whitespace="37" total="190" /><line-width average="30" max="131" max-on="85" /></file><file name="testly_helpers.bas" timestamp="41164.11916666666" encoding="ASCII" filesize="10173"><file-include line="8" pragma="once">ext/testly.bi</file-include><file-include line="9" pragma="once">testly_helpers.bi</file-include><file-include line="10" pragma="once">testly_common.bi</file-include><line-count comment="6" code="214" whitespace="54" total="274" /><line-width average="35" max="101" max-on="266" /></file><file name="testly_internals.bas" timestamp="41016.74444444444" encoding="ASCII" filesize="3341"><file-include line="8" pragma="once">testly_internals.bi</file-include><file-include line="9" pragma="once">testly_common.bi</file-include><line-count comment="6" code="67" whitespace="26" total="99" /><line-width average="29" max="86" max-on="75" /></file><file name="testly_list.bas" timestamp="41016.74444444444" encoding="ASCII" filesize="2168"><file-include line="8" pragma="once">testly_list.bi</file-include><line-count comment="6" code="67" whitespace="18" total="91" /><line-width average="20" max="66" max-on="11" /></file><file name="testly_suite.bas" timestamp="41016.74444444444" encoding="ASCII" filesize="1009"><file-include line="8" pragma="once">testly_suite.bi</file-include><file-include line="9" pragma="once">testly_case.bi</file-include><line-count comment="6" code="25" whitespace="7" total="38" /><line-width average="23" max="66" max-on="12" /></file><file name="testly_case.bi" timestamp="41016.74444444444" encoding="ASCII" filesize="614"><file-include line="11" pragma="once">ext/testly.bi</file-include><line-count comment="6" code="13" whitespace="7" total="26" /><line-width average="21" max="75" max-on="16" /></file><file name="testly_common.bi" timestamp="41016.74444444444" encoding="ASCII" filesize="1639"><file-include line="11" pragma="once">testly_list.bi</file-include><file-include line="12" pragma="once">testly_case.bi</file-include><file-include line="13" pragma="once">testly_suite.bi</file-include><sub name="initialize" signature-hash="366413206" declared-on="28" signature-d="    declare sub initialize() constructor" /><sub name="terminate" signature-hash="830804267" declared-on="29" signature-d="    declare sub terminate() destructor" /><function name="log_failure" signature-hash="1564582452" declared-on="31" signature-d="    declare function log_failure(byref as string, byref as string, byref as string, _" /><function name="find_suite" signature-hash="2135524770" declared-on="37" signature-d="    declare function find_suite(byval as List ptr, byref as string) as Suite ptr" /><function name="find_test" signature-hash="425948557" declared-on="38" signature-d="    declare function find_test(byval as List ptr, byref as string) as TestCase ptr" /><line-count comment="6" code="36" whitespace="13" total="55" /><line-width average="27" max="94" max-on="32" /></file><file name="testly_helpers.bi" timestamp="41016.74444444444" encoding="ASCII" filesize="590"><file-include line="11" pragma="once">testly_case.bi</file-include><file-include line="12" pragma="once">testly_suite.bi</file-include><line-count comment="6" code="13" whitespace="6" total="25" /><line-width average="20" max="58" max-on="2" /></file><file name="testly_internals.bi" timestamp="41016.74444444444" encoding="ASCII" filesize="1216"><file-include line="11" pragma="once">testly_case.bi</file-include><file-include line="12" pragma="once">testly_suite.bi</file-include><function name="suite_defined" signature-hash="1082122589" declared-on="19" signature-d="        declare function suite_defined(byref as string) as ext.bool" /><function name="test_defined" signature-hash="78208368" declared-on="20" signature-d="        declare function test_defined(byref as string) as ext.bool" /><function name="select_suite" signature-hash="1064772945" declared-on="21" signature-d="        declare function select_suite(byref as string) as Suite ptr" /><function name="select_test" signature-hash="217209365" declared-on="22" signature-d="        declare function select_test(byref as string) as TestCase ptr" /><function name="current_suite_name" signature-hash="3791782505" declared-on="24" signature-d="        declare function current_suite_name() as string" /><function name="current_test_name" signature-hash="1863723697" declared-on="25" signature-d="        declare function current_test_name() as string" /><line-count comment="6" code="22" whitespace="8" total="36" /><line-width average="30" max="74" max-on="15" /></file><file name="testly_list.bi" timestamp="41016.74444444444" encoding="ASCII" filesize="1333"><sub name="add" signature-hash="2743712471" declared-on="36" signature-d="        declare sub add(byval as any ptr)" /><function name="shift" signature-hash="2738710725" declared-on="37" signature-d="        declare function shift() as any ptr" /><sub name="clear()" signature-hash="3172021301" declared-on="41" signature-d="        declare sub clear()" /><line-count comment="6" code="33" whitespace="10" total="49" /><line-width average="24" max="58" max-on="2" /></file><file name="testly_suite.bi" timestamp="41016.74444444444" encoding="ASCII" filesize="1366"><file-include line="11" pragma="once">ext/testly.bi</file-include><file-include line="12" pragma="once">testly_list.bi</file-include><line-count comment="6" code="32" whitespace="10" total="48" /><line-width average="25" max="91" max-on="23" /></file></directory><directory name="xml"><file name="libext-xml-common.bas" timestamp="41016.74444444444" encoding="ASCII" filesize="6810"><file-include line="23" pragma="once">ext/xml/detail/common.bi</file-include><line-count comment="21" code="140" whitespace="17" total="178" /><line-width average="36" max="223" max-on="9" /></file><file name="libext-xml-dom.bas" timestamp="41016.74444444444" encoding="ASCII" filesize="27037"><file-include line="23" pragma="once">ext/xml/dom.bi</file-include><file-include line="24" pragma="once">ext/error.bi</file-include><file-include line="26" pragma="once">crt.bi</file-include><line-count comment="22" code="612" whitespace="129" total="763" /><line-width average="33" max="223" max-on="9" /></file></directory><directory name="xstring"><directory name="detail"><file name="strings.bi" timestamp="41016.74444444444" encoding="ASCII" filesize="2134"><file-include line="23" pragma="once">ext/misc.bi</file-include><line-count comment="21" code="19" whitespace="4" total="44" /><line-width average="46" max="223" max-on="9" /></file></directory><file name="libext-strings-xstring-core.bas" timestamp="41016.74444444444" encoding="ASCII" filesize="5016"><file-include line="24" pragma="once">ext/detail/common.bi</file-include><file-include line="25" pragma="once">ext/xstring.bi</file-include><file-include line="26" pragma="once">ext/strings.bi</file-include><line-count comment="22" code="118" whitespace="29" total="169" /><line-width average="27" max="223" max-on="10" /></file><file name="libext-xstring-builtins.bas" timestamp="41016.74444444444" encoding="ASCII" filesize="2927"><file-include line="23" pragma="once">ext/xstring.bi</file-include><line-count comment="21" code="45" whitespace="15" total="81" /><line-width average="34" max="223" max-on="9" /></file><file name="libext-xstring-cfirst.bas" timestamp="41016.74444444444" encoding="ASCII" filesize="1899"><file-include line="23" pragma="once">ext/xstring.bi</file-include><line-count comment="21" code="11" whitespace="6" total="38" /><line-width average="47" max="223" max-on="9" /></file><file name="libext-xstring-crc32.bas" timestamp="41016.74444444444" encoding="ASCII" filesize="1988"><file-include line="23" pragma="once">ext/xstring.bi</file-include><file-include line="24" pragma="once">ext/strings.bi</file-include><file-include line="25" pragma="once">ext/hash/crc32.bi</file-include><line-count comment="21" code="14" whitespace="6" total="41" /><line-width average="46" max="223" max-on="9" /></file><file name="libext-xstring-pos.bas" timestamp="41016.74444444444" encoding="ASCII" filesize="1914"><file-include line="23" pragma="once">ext/xstring.bi</file-include><file-include line="24" pragma="once">ext/strings.bi</file-include><line-count comment="21" code="8" whitespace="4" total="33" /><line-width average="56" max="223" max-on="9" /></file><file name="libext-xstring-repeat.bas" timestamp="41016.74444444444" encoding="ASCII" filesize="1866"><file-include line="23" pragma="once">ext/xstring.bi</file-include><file-include line="24" pragma="once">ext/strings.bi</file-include><line-count comment="21" code="8" whitespace="4" total="33" /><line-width average="54" max="223" max-on="9" /></file><file name="libext-xstring-replace.bas" timestamp="41016.74444444444" encoding="ASCII" filesize="2494"><file-include line="23" pragma="once">ext/xstring.bi</file-include><file-include line="24" pragma="once">ext/strings.bi</file-include><line-count comment="21" code="26" whitespace="9" total="56" /><line-width average="42" max="223" max-on="9" /></file><file name="libext-xstring-replace_copy.bas" timestamp="41016.74444444444" encoding="ASCII" filesize="2328"><file-include line="23" pragma="once">ext/xstring.bi</file-include><file-include line="24" pragma="once">ext/strings.bi</file-include><line-count comment="21" code="18" whitespace="4" total="43" /><line-width average="52" max="223" max-on="9" /></file><file name="libext-xstring-reverse.bas" timestamp="41016.74444444444" encoding="ASCII" filesize="1824"><file-include line="23" pragma="once">ext/xstring.bi</file-include><file-include line="24" pragma="once">ext/strings.bi</file-include><line-count comment="21" code="8" whitespace="4" total="33" /><line-width average="53" max="223" max-on="9" /></file><file name="libext-xstring-reverse_copy.bas" timestamp="41016.74444444444" encoding="ASCII" filesize="1860"><file-include line="23" pragma="once">ext/xstring.bi</file-include><file-include line="24" pragma="once">ext/strings.bi</file-include><line-count comment="21" code="8" whitespace="4" total="33" /><line-width average="54" max="223" max-on="9" /></file><file name="libext-xstring-rot13.bas" timestamp="41016.74444444444" encoding="ASCII" filesize="1920"><file-include line="23" pragma="once">ext/xstring.bi</file-include><file-include line="24" pragma="once">ext/strings.bi</file-include><line-count comment="21" code="12" whitespace="5" total="38" /><line-width average="48" max="223" max-on="9" /></file><file name="libext-xstring-shuffle.bas" timestamp="41016.74444444444" encoding="ASCII" filesize="1811"><file-include line="23" pragma="once">ext/xstring.bi</file-include><file-include line="24" pragma="once">ext/strings.bi</file-include><line-count comment="21" code="8" whitespace="4" total="33" /><line-width average="52" max="223" max-on="9" /></file><file name="libext-xstring-shuffle_copy.bas" timestamp="41016.74444444444" encoding="ASCII" filesize="1847"><file-include line="23" pragma="once">ext/xstring.bi</file-include><file-include line="24" pragma="once">ext/strings.bi</file-include><line-count comment="21" code="8" whitespace="4" total="33" /><line-width average="53" max="223" max-on="9" /></file><file name="libext-xstring-split.bas" timestamp="41016.74444444444" encoding="ASCII" filesize="1953"><file-include line="23" pragma="once">ext/xstring.bi</file-include><file-include line="24" pragma="once">ext/strings.bi</file-include><line-count comment="21" code="8" whitespace="4" total="33" /><line-width average="57" max="223" max-on="9" /></file><file name="libext-xstring-strpad.bas" timestamp="41016.74444444444" encoding="ASCII" filesize="2766"><file-include line="23" pragma="once">ext/xstring.bi</file-include><file-include line="24" pragma="once">ext/strings.bi</file-include><line-count comment="21" code="35" whitespace="17" total="73" /><line-width average="35" max="223" max-on="9" /></file><file name="libext-xstring-substr.bas" timestamp="41016.74444444444" encoding="ASCII" filesize="2051"><file-include line="23" pragma="once">ext/xstring.bi</file-include><file-include line="24" pragma="once">ext/strings.bi</file-include><line-count comment="21" code="13" whitespace="4" total="38" /><line-width average="51" max="223" max-on="9" /></file><file name="libext-xstring-substr_compare.bas" timestamp="41016.74444444444" encoding="ASCII" filesize="2140"><file-include line="23" pragma="once">ext/xstring.bi</file-include><file-include line="24" pragma="once">ext/strings.bi</file-include><line-count comment="21" code="14" whitespace="3" total="38" /><line-width average="54" max="223" max-on="9" /></file><file name="libext-xstring-substr_count.bas" timestamp="41016.74444444444" encoding="ASCII" filesize="2152"><file-include line="23" pragma="once">ext/xstring.bi</file-include><file-include line="24" pragma="once">ext/strings.bi</file-include><line-count comment="21" code="13" whitespace="4" total="38" /><line-width average="54" max="223" max-on="9" /></file><file name="libext-xstring-substr_replace.bas" timestamp="41016.74444444444" encoding="ASCII" filesize="2124"><file-include line="23" pragma="once">ext/xstring.bi</file-include><file-include line="24" pragma="once">ext/strings.bi</file-include><line-count comment="21" code="13" whitespace="4" total="38" /><line-width average="53" max="223" max-on="9" /></file><file name="libext-xstring-ucwords.bas" timestamp="41016.74444444444" encoding="ASCII" filesize="1943"><file-include line="23" pragma="once">ext/xstring.bi</file-include><file-include line="24" pragma="once">ext/strings.bi</file-include><line-count comment="21" code="13" whitespace="4" total="38" /><line-width average="49" max="223" max-on="9" /></file></directory></directory></directory><statistics><lines>17359</lines><file-count>146</file-count><run-date>03-07-2013</run-date><run-time>17:19:31</run-time><run-length unit="seconds">0.7808982189744711</run-length></statistics></ext-kloc>
